[2025-03-25 14:20:32] local.ERROR: Command "make:service" is not defined.

Did you mean one of these?
    make:cache-table
    make:cast
    make:channel
    make:class
    make:command
    make:component
    make:controller
    make:enum
    make:event
    make:exception
    make:factory
    make:interface
    make:job
    make:job-middleware
    make:listener
    make:mail
    make:middleware
    make:migration
    make:model
    make:notification
    make:notifications-table
    make:observer
    make:policy
    make:provider
    make:queue-batches-table
    make:queue-failed-table
    make:queue-table
    make:request
    make:resource
    make:rule
    make:scope
    make:seeder
    make:session-table
    make:test
    make:trait
    make:view {"exception":"[object] (Symfony\\Component\\Console\\Exception\\CommandNotFoundException(code: 0): Command \"make:service\" is not defined.

Did you mean one of these?
    make:cache-table
    make:cast
    make:channel
    make:class
    make:command
    make:component
    make:controller
    make:enum
    make:event
    make:exception
    make:factory
    make:interface
    make:job
    make:job-middleware
    make:listener
    make:mail
    make:middleware
    make:migration
    make:model
    make:notification
    make:notifications-table
    make:observer
    make:policy
    make:provider
    make:queue-batches-table
    make:queue-failed-table
    make:queue-table
    make:request
    make:resource
    make:rule
    make:scope
    make:seeder
    make:session-table
    make:test
    make:trait
    make:view at C:\\Users\\Ikiru\\Desktop\\04-laravel\\laravel-api\\vendor\\symfony\\console\\Application.php:726)
[stacktrace]
#0 C:\\Users\\Ikiru\\Desktop\\04-laravel\\laravel-api\\vendor\\symfony\\console\\Application.php(284): Symfony\\Component\\Console\\Application->find('make:service')
#1 C:\\Users\\Ikiru\\Desktop\\04-laravel\\laravel-api\\vendor\\symfony\\console\\Application.php(193): Symfony\\Component\\Console\\Application->doRun(Object(Symfony\\Component\\Console\\Input\\ArgvInput), Object(Symfony\\Component\\Console\\Output\\ConsoleOutput))
#2 C:\\Users\\Ikiru\\Desktop\\04-laravel\\laravel-api\\vendor\\laravel\\framework\\src\\Illuminate\\Foundation\\Console\\Kernel.php(198): Symfony\\Component\\Console\\Application->run(Object(Symfony\\Component\\Console\\Input\\ArgvInput), Object(Symfony\\Component\\Console\\Output\\ConsoleOutput))
#3 C:\\Users\\Ikiru\\Desktop\\04-laravel\\laravel-api\\vendor\\laravel\\framework\\src\\Illuminate\\Foundation\\Application.php(1235): Illuminate\\Foundation\\Console\\Kernel->handle(Object(Symfony\\Component\\Console\\Input\\ArgvInput), Object(Symfony\\Component\\Console\\Output\\ConsoleOutput))
#4 C:\\Users\\Ikiru\\Desktop\\04-laravel\\laravel-api\\artisan(16): Illuminate\\Foundation\\Application->handleCommand(Object(Symfony\\Component\\Console\\Input\\ArgvInput))
#5 {main}
"} 
[2025-03-25 14:20:39] local.ERROR: Command "make:service" is not defined.

Did you mean one of these?
    make:cache-table
    make:cast
    make:channel
    make:class
    make:command
    make:component
    make:controller
    make:enum
    make:event
    make:exception
    make:factory
    make:interface
    make:job
    make:job-middleware
    make:listener
    make:mail
    make:middleware
    make:migration
    make:model
    make:notification
    make:notifications-table
    make:observer
    make:policy
    make:provider
    make:queue-batches-table
    make:queue-failed-table
    make:queue-table
    make:request
    make:resource
    make:rule
    make:scope
    make:seeder
    make:session-table
    make:test
    make:trait
    make:view {"exception":"[object] (Symfony\\Component\\Console\\Exception\\CommandNotFoundException(code: 0): Command \"make:service\" is not defined.

Did you mean one of these?
    make:cache-table
    make:cast
    make:channel
    make:class
    make:command
    make:component
    make:controller
    make:enum
    make:event
    make:exception
    make:factory
    make:interface
    make:job
    make:job-middleware
    make:listener
    make:mail
    make:middleware
    make:migration
    make:model
    make:notification
    make:notifications-table
    make:observer
    make:policy
    make:provider
    make:queue-batches-table
    make:queue-failed-table
    make:queue-table
    make:request
    make:resource
    make:rule
    make:scope
    make:seeder
    make:session-table
    make:test
    make:trait
    make:view at C:\\Users\\Ikiru\\Desktop\\04-laravel\\laravel-api\\vendor\\symfony\\console\\Application.php:726)
[stacktrace]
#0 C:\\Users\\Ikiru\\Desktop\\04-laravel\\laravel-api\\vendor\\symfony\\console\\Application.php(284): Symfony\\Component\\Console\\Application->find('make:service')
#1 C:\\Users\\Ikiru\\Desktop\\04-laravel\\laravel-api\\vendor\\symfony\\console\\Application.php(193): Symfony\\Component\\Console\\Application->doRun(Object(Symfony\\Component\\Console\\Input\\ArgvInput), Object(Symfony\\Component\\Console\\Output\\ConsoleOutput))
#2 C:\\Users\\Ikiru\\Desktop\\04-laravel\\laravel-api\\vendor\\laravel\\framework\\src\\Illuminate\\Foundation\\Console\\Kernel.php(198): Symfony\\Component\\Console\\Application->run(Object(Symfony\\Component\\Console\\Input\\ArgvInput), Object(Symfony\\Component\\Console\\Output\\ConsoleOutput))
#3 C:\\Users\\Ikiru\\Desktop\\04-laravel\\laravel-api\\vendor\\laravel\\framework\\src\\Illuminate\\Foundation\\Application.php(1235): Illuminate\\Foundation\\Console\\Kernel->handle(Object(Symfony\\Component\\Console\\Input\\ArgvInput), Object(Symfony\\Component\\Console\\Output\\ConsoleOutput))
#4 C:\\Users\\Ikiru\\Desktop\\04-laravel\\laravel-api\\artisan(16): Illuminate\\Foundation\\Application->handleCommand(Object(Symfony\\Component\\Console\\Input\\ArgvInput))
#5 {main}
"} 
[2025-03-25 14:30:29] local.ERROR: could not find driver (Connection: sqlite, SQL: select exists (select 1 from "main".sqlite_master where name = 'migrations' and type = 'table') as "exists") {"exception":"[object] (Illuminate\\Database\\QueryException(code: 0): could not find driver (Connection: sqlite, SQL: select exists (select 1 from \"main\".sqlite_master where name = 'migrations' and type = 'table') as \"exists\") at C:\\Users\\Ikiru\\Desktop\\04-laravel\\laravel-api\\vendor\\laravel\\framework\\src\\Illuminate\\Database\\Connection.php:823)
[stacktrace]
#0 C:\\Users\\Ikiru\\Desktop\\04-laravel\\laravel-api\\vendor\\laravel\\framework\\src\\Illuminate\\Database\\Connection.php(777): Illuminate\\Database\\Connection->runQueryCallback('select exists (...', Array, Object(Closure))
#1 C:\\Users\\Ikiru\\Desktop\\04-laravel\\laravel-api\\vendor\\laravel\\framework\\src\\Illuminate\\Database\\Connection.php(396): Illuminate\\Database\\Connection->run('select exists (...', Array, Object(Closure))
#2 C:\\Users\\Ikiru\\Desktop\\04-laravel\\laravel-api\\vendor\\laravel\\framework\\src\\Illuminate\\Database\\Connection.php(342): Illuminate\\Database\\Connection->select('select exists (...', Array, true)
#3 C:\\Users\\Ikiru\\Desktop\\04-laravel\\laravel-api\\vendor\\laravel\\framework\\src\\Illuminate\\Database\\Connection.php(359): Illuminate\\Database\\Connection->selectOne('select exists (...', Array, true)
#4 C:\\Users\\Ikiru\\Desktop\\04-laravel\\laravel-api\\vendor\\laravel\\framework\\src\\Illuminate\\Database\\Schema\\Builder.php(175): Illuminate\\Database\\Connection->scalar('select exists (...')
#5 C:\\Users\\Ikiru\\Desktop\\04-laravel\\laravel-api\\vendor\\laravel\\framework\\src\\Illuminate\\Database\\Migrations\\DatabaseMigrationRepository.php(184): Illuminate\\Database\\Schema\\Builder->hasTable('migrations')
#6 C:\\Users\\Ikiru\\Desktop\\04-laravel\\laravel-api\\vendor\\laravel\\framework\\src\\Illuminate\\Database\\Migrations\\Migrator.php(742): Illuminate\\Database\\Migrations\\DatabaseMigrationRepository->repositoryExists()
#7 C:\\Users\\Ikiru\\Desktop\\04-laravel\\laravel-api\\vendor\\laravel\\framework\\src\\Illuminate\\Database\\Console\\Migrations\\MigrateCommand.php(165): Illuminate\\Database\\Migrations\\Migrator->repositoryExists()
#8 C:\\Users\\Ikiru\\Desktop\\04-laravel\\laravel-api\\vendor\\laravel\\framework\\src\\Illuminate\\Support\\helpers.php(338): Illuminate\\Database\\Console\\Migrations\\MigrateCommand->{closure:Illuminate\\Database\\Console\\Migrations\\MigrateCommand::repositoryExists():165}(1)
#9 C:\\Users\\Ikiru\\Desktop\\04-laravel\\laravel-api\\vendor\\laravel\\framework\\src\\Illuminate\\Database\\Console\\Migrations\\MigrateCommand.php(165): retry(1, Object(Closure), 0, Object(Closure))
#10 C:\\Users\\Ikiru\\Desktop\\04-laravel\\laravel-api\\vendor\\laravel\\framework\\src\\Illuminate\\Database\\Console\\Migrations\\MigrateCommand.php(141): Illuminate\\Database\\Console\\Migrations\\MigrateCommand->repositoryExists()
#11 C:\\Users\\Ikiru\\Desktop\\04-laravel\\laravel-api\\vendor\\laravel\\framework\\src\\Illuminate\\Database\\Console\\Migrations\\MigrateCommand.php(111): Illuminate\\Database\\Console\\Migrations\\MigrateCommand->prepareDatabase()
#12 C:\\Users\\Ikiru\\Desktop\\04-laravel\\laravel-api\\vendor\\laravel\\framework\\src\\Illuminate\\Database\\Migrations\\Migrator.php(658): Illuminate\\Database\\Console\\Migrations\\MigrateCommand->{closure:Illuminate\\Database\\Console\\Migrations\\MigrateCommand::runMigrations():110}()
#13 C:\\Users\\Ikiru\\Desktop\\04-laravel\\laravel-api\\vendor\\laravel\\framework\\src\\Illuminate\\Database\\Console\\Migrations\\MigrateCommand.php(110): Illuminate\\Database\\Migrations\\Migrator->usingConnection(NULL, Object(Closure))
#14 C:\\Users\\Ikiru\\Desktop\\04-laravel\\laravel-api\\vendor\\laravel\\framework\\src\\Illuminate\\Database\\Console\\Migrations\\MigrateCommand.php(89): Illuminate\\Database\\Console\\Migrations\\MigrateCommand->runMigrations()
#15 C:\\Users\\Ikiru\\Desktop\\04-laravel\\laravel-api\\vendor\\laravel\\framework\\src\\Illuminate\\Container\\BoundMethod.php(36): Illuminate\\Database\\Console\\Migrations\\MigrateCommand->handle()
#16 C:\\Users\\Ikiru\\Desktop\\04-laravel\\laravel-api\\vendor\\laravel\\framework\\src\\Illuminate\\Container\\Util.php(43): Illuminate\\Container\\BoundMethod::{closure:Illuminate\\Container\\BoundMethod::call():35}()
#17 C:\\Users\\Ikiru\\Desktop\\04-laravel\\laravel-api\\vendor\\laravel\\framework\\src\\Illuminate\\Container\\BoundMethod.php(96): Illuminate\\Container\\Util::unwrapIfClosure(Object(Closure))
#18 C:\\Users\\Ikiru\\Desktop\\04-laravel\\laravel-api\\vendor\\laravel\\framework\\src\\Illuminate\\Container\\BoundMethod.php(35): Illuminate\\Container\\BoundMethod::callBoundMethod(Object(Illuminate\\Foundation\\Application), Array, Object(Closure))
#19 C:\\Users\\Ikiru\\Desktop\\04-laravel\\laravel-api\\vendor\\laravel\\framework\\src\\Illuminate\\Container\\Container.php(754): Illuminate\\Container\\BoundMethod::call(Object(Illuminate\\Foundation\\Application), Array, Array, NULL)
#20 C:\\Users\\Ikiru\\Desktop\\04-laravel\\laravel-api\\vendor\\laravel\\framework\\src\\Illuminate\\Console\\Command.php(213): Illuminate\\Container\\Container->call(Array)
#21 C:\\Users\\Ikiru\\Desktop\\04-laravel\\laravel-api\\vendor\\symfony\\console\\Command\\Command.php(279): Illuminate\\Console\\Command->execute(Object(Symfony\\Component\\Console\\Input\\ArgvInput), Object(Illuminate\\Console\\OutputStyle))
#22 C:\\Users\\Ikiru\\Desktop\\04-laravel\\laravel-api\\vendor\\laravel\\framework\\src\\Illuminate\\Console\\Command.php(182): Symfony\\Component\\Console\\Command\\Command->run(Object(Symfony\\Component\\Console\\Input\\ArgvInput), Object(Illuminate\\Console\\OutputStyle))
#23 C:\\Users\\Ikiru\\Desktop\\04-laravel\\laravel-api\\vendor\\symfony\\console\\Application.php(1094): Illuminate\\Console\\Command->run(Object(Symfony\\Component\\Console\\Input\\ArgvInput), Object(Symfony\\Component\\Console\\Output\\ConsoleOutput))
#24 C:\\Users\\Ikiru\\Desktop\\04-laravel\\laravel-api\\vendor\\symfony\\console\\Application.php(342): Symfony\\Component\\Console\\Application->doRunCommand(Object(Illuminate\\Database\\Console\\Migrations\\MigrateCommand), Object(Symfony\\Component\\Console\\Input\\ArgvInput), Object(Symfony\\Component\\Console\\Output\\ConsoleOutput))
#25 C:\\Users\\Ikiru\\Desktop\\04-laravel\\laravel-api\\vendor\\symfony\\console\\Application.php(193): Symfony\\Component\\Console\\Application->doRun(Object(Symfony\\Component\\Console\\Input\\ArgvInput), Object(Symfony\\Component\\Console\\Output\\ConsoleOutput))
#26 C:\\Users\\Ikiru\\Desktop\\04-laravel\\laravel-api\\vendor\\laravel\\framework\\src\\Illuminate\\Foundation\\Console\\Kernel.php(198): Symfony\\Component\\Console\\Application->run(Object(Symfony\\Component\\Console\\Input\\ArgvInput), Object(Symfony\\Component\\Console\\Output\\ConsoleOutput))
#27 C:\\Users\\Ikiru\\Desktop\\04-laravel\\laravel-api\\vendor\\laravel\\framework\\src\\Illuminate\\Foundation\\Application.php(1235): Illuminate\\Foundation\\Console\\Kernel->handle(Object(Symfony\\Component\\Console\\Input\\ArgvInput), Object(Symfony\\Component\\Console\\Output\\ConsoleOutput))
#28 C:\\Users\\Ikiru\\Desktop\\04-laravel\\laravel-api\\artisan(16): Illuminate\\Foundation\\Application->handleCommand(Object(Symfony\\Component\\Console\\Input\\ArgvInput))
#29 {main}

[previous exception] [object] (PDOException(code: 0): could not find driver at C:\\Users\\Ikiru\\Desktop\\04-laravel\\laravel-api\\vendor\\laravel\\framework\\src\\Illuminate\\Database\\Connectors\\Connector.php:67)
[stacktrace]
#0 C:\\Users\\Ikiru\\Desktop\\04-laravel\\laravel-api\\vendor\\laravel\\framework\\src\\Illuminate\\Database\\Connectors\\Connector.php(67): PDO::connect('sqlite:C:\\\\Users...', NULL, Object(SensitiveParameterValue), Array)
#1 C:\\Users\\Ikiru\\Desktop\\04-laravel\\laravel-api\\vendor\\laravel\\framework\\src\\Illuminate\\Database\\Connectors\\Connector.php(44): Illuminate\\Database\\Connectors\\Connector->createPdoConnection('sqlite:C:\\\\Users...', NULL, Object(SensitiveParameterValue), Array)
#2 C:\\Users\\Ikiru\\Desktop\\04-laravel\\laravel-api\\vendor\\laravel\\framework\\src\\Illuminate\\Database\\Connectors\\SQLiteConnector.php(21): Illuminate\\Database\\Connectors\\Connector->createConnection('sqlite:C:\\\\Users...', Array, Array)
#3 C:\\Users\\Ikiru\\Desktop\\04-laravel\\laravel-api\\vendor\\laravel\\framework\\src\\Illuminate\\Database\\Connectors\\ConnectionFactory.php(224): Illuminate\\Database\\Connectors\\SQLiteConnector->connect(Array)
#4 [internal function]: Illuminate\\Database\\Connectors\\ConnectionFactory->{closure:Illuminate\\Database\\Connectors\\ConnectionFactory::createPdoResolverWithoutHosts():224}()
#5 C:\\Users\\Ikiru\\Desktop\\04-laravel\\laravel-api\\vendor\\laravel\\framework\\src\\Illuminate\\Database\\Connection.php(1229): call_user_func(Object(Closure))
#6 C:\\Users\\Ikiru\\Desktop\\04-laravel\\laravel-api\\vendor\\laravel\\framework\\src\\Illuminate\\Database\\Connection.php(1265): Illuminate\\Database\\Connection->getPdo()
#7 C:\\Users\\Ikiru\\Desktop\\04-laravel\\laravel-api\\vendor\\laravel\\framework\\src\\Illuminate\\Database\\Connection.php(510): Illuminate\\Database\\Connection->getReadPdo()
#8 C:\\Users\\Ikiru\\Desktop\\04-laravel\\laravel-api\\vendor\\laravel\\framework\\src\\Illuminate\\Database\\Connection.php(405): Illuminate\\Database\\Connection->getPdoForSelect(true)
#9 C:\\Users\\Ikiru\\Desktop\\04-laravel\\laravel-api\\vendor\\laravel\\framework\\src\\Illuminate\\Database\\Connection.php(810): Illuminate\\Database\\Connection->{closure:Illuminate\\Database\\Connection::select():396}('select exists (...', Array)
#10 C:\\Users\\Ikiru\\Desktop\\04-laravel\\laravel-api\\vendor\\laravel\\framework\\src\\Illuminate\\Database\\Connection.php(777): Illuminate\\Database\\Connection->runQueryCallback('select exists (...', Array, Object(Closure))
#11 C:\\Users\\Ikiru\\Desktop\\04-laravel\\laravel-api\\vendor\\laravel\\framework\\src\\Illuminate\\Database\\Connection.php(396): Illuminate\\Database\\Connection->run('select exists (...', Array, Object(Closure))
#12 C:\\Users\\Ikiru\\Desktop\\04-laravel\\laravel-api\\vendor\\laravel\\framework\\src\\Illuminate\\Database\\Connection.php(342): Illuminate\\Database\\Connection->select('select exists (...', Array, true)
#13 C:\\Users\\Ikiru\\Desktop\\04-laravel\\laravel-api\\vendor\\laravel\\framework\\src\\Illuminate\\Database\\Connection.php(359): Illuminate\\Database\\Connection->selectOne('select exists (...', Array, true)
#14 C:\\Users\\Ikiru\\Desktop\\04-laravel\\laravel-api\\vendor\\laravel\\framework\\src\\Illuminate\\Database\\Schema\\Builder.php(175): Illuminate\\Database\\Connection->scalar('select exists (...')
#15 C:\\Users\\Ikiru\\Desktop\\04-laravel\\laravel-api\\vendor\\laravel\\framework\\src\\Illuminate\\Database\\Migrations\\DatabaseMigrationRepository.php(184): Illuminate\\Database\\Schema\\Builder->hasTable('migrations')
#16 C:\\Users\\Ikiru\\Desktop\\04-laravel\\laravel-api\\vendor\\laravel\\framework\\src\\Illuminate\\Database\\Migrations\\Migrator.php(742): Illuminate\\Database\\Migrations\\DatabaseMigrationRepository->repositoryExists()
#17 C:\\Users\\Ikiru\\Desktop\\04-laravel\\laravel-api\\vendor\\laravel\\framework\\src\\Illuminate\\Database\\Console\\Migrations\\MigrateCommand.php(165): Illuminate\\Database\\Migrations\\Migrator->repositoryExists()
#18 C:\\Users\\Ikiru\\Desktop\\04-laravel\\laravel-api\\vendor\\laravel\\framework\\src\\Illuminate\\Support\\helpers.php(338): Illuminate\\Database\\Console\\Migrations\\MigrateCommand->{closure:Illuminate\\Database\\Console\\Migrations\\MigrateCommand::repositoryExists():165}(1)
#19 C:\\Users\\Ikiru\\Desktop\\04-laravel\\laravel-api\\vendor\\laravel\\framework\\src\\Illuminate\\Database\\Console\\Migrations\\MigrateCommand.php(165): retry(1, Object(Closure), 0, Object(Closure))
#20 C:\\Users\\Ikiru\\Desktop\\04-laravel\\laravel-api\\vendor\\laravel\\framework\\src\\Illuminate\\Database\\Console\\Migrations\\MigrateCommand.php(141): Illuminate\\Database\\Console\\Migrations\\MigrateCommand->repositoryExists()
#21 C:\\Users\\Ikiru\\Desktop\\04-laravel\\laravel-api\\vendor\\laravel\\framework\\src\\Illuminate\\Database\\Console\\Migrations\\MigrateCommand.php(111): Illuminate\\Database\\Console\\Migrations\\MigrateCommand->prepareDatabase()
#22 C:\\Users\\Ikiru\\Desktop\\04-laravel\\laravel-api\\vendor\\laravel\\framework\\src\\Illuminate\\Database\\Migrations\\Migrator.php(658): Illuminate\\Database\\Console\\Migrations\\MigrateCommand->{closure:Illuminate\\Database\\Console\\Migrations\\MigrateCommand::runMigrations():110}()
#23 C:\\Users\\Ikiru\\Desktop\\04-laravel\\laravel-api\\vendor\\laravel\\framework\\src\\Illuminate\\Database\\Console\\Migrations\\MigrateCommand.php(110): Illuminate\\Database\\Migrations\\Migrator->usingConnection(NULL, Object(Closure))
#24 C:\\Users\\Ikiru\\Desktop\\04-laravel\\laravel-api\\vendor\\laravel\\framework\\src\\Illuminate\\Database\\Console\\Migrations\\MigrateCommand.php(89): Illuminate\\Database\\Console\\Migrations\\MigrateCommand->runMigrations()
#25 C:\\Users\\Ikiru\\Desktop\\04-laravel\\laravel-api\\vendor\\laravel\\framework\\src\\Illuminate\\Container\\BoundMethod.php(36): Illuminate\\Database\\Console\\Migrations\\MigrateCommand->handle()
#26 C:\\Users\\Ikiru\\Desktop\\04-laravel\\laravel-api\\vendor\\laravel\\framework\\src\\Illuminate\\Container\\Util.php(43): Illuminate\\Container\\BoundMethod::{closure:Illuminate\\Container\\BoundMethod::call():35}()
#27 C:\\Users\\Ikiru\\Desktop\\04-laravel\\laravel-api\\vendor\\laravel\\framework\\src\\Illuminate\\Container\\BoundMethod.php(96): Illuminate\\Container\\Util::unwrapIfClosure(Object(Closure))
#28 C:\\Users\\Ikiru\\Desktop\\04-laravel\\laravel-api\\vendor\\laravel\\framework\\src\\Illuminate\\Container\\BoundMethod.php(35): Illuminate\\Container\\BoundMethod::callBoundMethod(Object(Illuminate\\Foundation\\Application), Array, Object(Closure))
#29 C:\\Users\\Ikiru\\Desktop\\04-laravel\\laravel-api\\vendor\\laravel\\framework\\src\\Illuminate\\Container\\Container.php(754): Illuminate\\Container\\BoundMethod::call(Object(Illuminate\\Foundation\\Application), Array, Array, NULL)
#30 C:\\Users\\Ikiru\\Desktop\\04-laravel\\laravel-api\\vendor\\laravel\\framework\\src\\Illuminate\\Console\\Command.php(213): Illuminate\\Container\\Container->call(Array)
#31 C:\\Users\\Ikiru\\Desktop\\04-laravel\\laravel-api\\vendor\\symfony\\console\\Command\\Command.php(279): Illuminate\\Console\\Command->execute(Object(Symfony\\Component\\Console\\Input\\ArgvInput), Object(Illuminate\\Console\\OutputStyle))
#32 C:\\Users\\Ikiru\\Desktop\\04-laravel\\laravel-api\\vendor\\laravel\\framework\\src\\Illuminate\\Console\\Command.php(182): Symfony\\Component\\Console\\Command\\Command->run(Object(Symfony\\Component\\Console\\Input\\ArgvInput), Object(Illuminate\\Console\\OutputStyle))
#33 C:\\Users\\Ikiru\\Desktop\\04-laravel\\laravel-api\\vendor\\symfony\\console\\Application.php(1094): Illuminate\\Console\\Command->run(Object(Symfony\\Component\\Console\\Input\\ArgvInput), Object(Symfony\\Component\\Console\\Output\\ConsoleOutput))
#34 C:\\Users\\Ikiru\\Desktop\\04-laravel\\laravel-api\\vendor\\symfony\\console\\Application.php(342): Symfony\\Component\\Console\\Application->doRunCommand(Object(Illuminate\\Database\\Console\\Migrations\\MigrateCommand), Object(Symfony\\Component\\Console\\Input\\ArgvInput), Object(Symfony\\Component\\Console\\Output\\ConsoleOutput))
#35 C:\\Users\\Ikiru\\Desktop\\04-laravel\\laravel-api\\vendor\\symfony\\console\\Application.php(193): Symfony\\Component\\Console\\Application->doRun(Object(Symfony\\Component\\Console\\Input\\ArgvInput), Object(Symfony\\Component\\Console\\Output\\ConsoleOutput))
#36 C:\\Users\\Ikiru\\Desktop\\04-laravel\\laravel-api\\vendor\\laravel\\framework\\src\\Illuminate\\Foundation\\Console\\Kernel.php(198): Symfony\\Component\\Console\\Application->run(Object(Symfony\\Component\\Console\\Input\\ArgvInput), Object(Symfony\\Component\\Console\\Output\\ConsoleOutput))
#37 C:\\Users\\Ikiru\\Desktop\\04-laravel\\laravel-api\\vendor\\laravel\\framework\\src\\Illuminate\\Foundation\\Application.php(1235): Illuminate\\Foundation\\Console\\Kernel->handle(Object(Symfony\\Component\\Console\\Input\\ArgvInput), Object(Symfony\\Component\\Console\\Output\\ConsoleOutput))
#38 C:\\Users\\Ikiru\\Desktop\\04-laravel\\laravel-api\\artisan(16): Illuminate\\Foundation\\Application->handleCommand(Object(Symfony\\Component\\Console\\Input\\ArgvInput))
#39 {main}
"} 
[2025-03-25 14:31:44] local.ERROR: could not find driver (Connection: sqlite, SQL: select exists (select 1 from "main".sqlite_master where name = 'migrations' and type = 'table') as "exists") {"exception":"[object] (Illuminate\\Database\\QueryException(code: 0): could not find driver (Connection: sqlite, SQL: select exists (select 1 from \"main\".sqlite_master where name = 'migrations' and type = 'table') as \"exists\") at C:\\Users\\Ikiru\\Desktop\\04-laravel\\laravel-api\\vendor\\laravel\\framework\\src\\Illuminate\\Database\\Connection.php:823)
[stacktrace]
#0 C:\\Users\\Ikiru\\Desktop\\04-laravel\\laravel-api\\vendor\\laravel\\framework\\src\\Illuminate\\Database\\Connection.php(777): Illuminate\\Database\\Connection->runQueryCallback('select exists (...', Array, Object(Closure))
#1 C:\\Users\\Ikiru\\Desktop\\04-laravel\\laravel-api\\vendor\\laravel\\framework\\src\\Illuminate\\Database\\Connection.php(396): Illuminate\\Database\\Connection->run('select exists (...', Array, Object(Closure))
#2 C:\\Users\\Ikiru\\Desktop\\04-laravel\\laravel-api\\vendor\\laravel\\framework\\src\\Illuminate\\Database\\Connection.php(342): Illuminate\\Database\\Connection->select('select exists (...', Array, true)
#3 C:\\Users\\Ikiru\\Desktop\\04-laravel\\laravel-api\\vendor\\laravel\\framework\\src\\Illuminate\\Database\\Connection.php(359): Illuminate\\Database\\Connection->selectOne('select exists (...', Array, true)
#4 C:\\Users\\Ikiru\\Desktop\\04-laravel\\laravel-api\\vendor\\laravel\\framework\\src\\Illuminate\\Database\\Schema\\Builder.php(175): Illuminate\\Database\\Connection->scalar('select exists (...')
#5 C:\\Users\\Ikiru\\Desktop\\04-laravel\\laravel-api\\vendor\\laravel\\framework\\src\\Illuminate\\Database\\Migrations\\DatabaseMigrationRepository.php(184): Illuminate\\Database\\Schema\\Builder->hasTable('migrations')
#6 C:\\Users\\Ikiru\\Desktop\\04-laravel\\laravel-api\\vendor\\laravel\\framework\\src\\Illuminate\\Database\\Migrations\\Migrator.php(742): Illuminate\\Database\\Migrations\\DatabaseMigrationRepository->repositoryExists()
#7 C:\\Users\\Ikiru\\Desktop\\04-laravel\\laravel-api\\vendor\\laravel\\framework\\src\\Illuminate\\Database\\Console\\Migrations\\MigrateCommand.php(165): Illuminate\\Database\\Migrations\\Migrator->repositoryExists()
#8 C:\\Users\\Ikiru\\Desktop\\04-laravel\\laravel-api\\vendor\\laravel\\framework\\src\\Illuminate\\Support\\helpers.php(338): Illuminate\\Database\\Console\\Migrations\\MigrateCommand->{closure:Illuminate\\Database\\Console\\Migrations\\MigrateCommand::repositoryExists():165}(1)
#9 C:\\Users\\Ikiru\\Desktop\\04-laravel\\laravel-api\\vendor\\laravel\\framework\\src\\Illuminate\\Database\\Console\\Migrations\\MigrateCommand.php(165): retry(1, Object(Closure), 0, Object(Closure))
#10 C:\\Users\\Ikiru\\Desktop\\04-laravel\\laravel-api\\vendor\\laravel\\framework\\src\\Illuminate\\Database\\Console\\Migrations\\MigrateCommand.php(141): Illuminate\\Database\\Console\\Migrations\\MigrateCommand->repositoryExists()
#11 C:\\Users\\Ikiru\\Desktop\\04-laravel\\laravel-api\\vendor\\laravel\\framework\\src\\Illuminate\\Database\\Console\\Migrations\\MigrateCommand.php(111): Illuminate\\Database\\Console\\Migrations\\MigrateCommand->prepareDatabase()
#12 C:\\Users\\Ikiru\\Desktop\\04-laravel\\laravel-api\\vendor\\laravel\\framework\\src\\Illuminate\\Database\\Migrations\\Migrator.php(658): Illuminate\\Database\\Console\\Migrations\\MigrateCommand->{closure:Illuminate\\Database\\Console\\Migrations\\MigrateCommand::runMigrations():110}()
#13 C:\\Users\\Ikiru\\Desktop\\04-laravel\\laravel-api\\vendor\\laravel\\framework\\src\\Illuminate\\Database\\Console\\Migrations\\MigrateCommand.php(110): Illuminate\\Database\\Migrations\\Migrator->usingConnection(NULL, Object(Closure))
#14 C:\\Users\\Ikiru\\Desktop\\04-laravel\\laravel-api\\vendor\\laravel\\framework\\src\\Illuminate\\Database\\Console\\Migrations\\MigrateCommand.php(89): Illuminate\\Database\\Console\\Migrations\\MigrateCommand->runMigrations()
#15 C:\\Users\\Ikiru\\Desktop\\04-laravel\\laravel-api\\vendor\\laravel\\framework\\src\\Illuminate\\Container\\BoundMethod.php(36): Illuminate\\Database\\Console\\Migrations\\MigrateCommand->handle()
#16 C:\\Users\\Ikiru\\Desktop\\04-laravel\\laravel-api\\vendor\\laravel\\framework\\src\\Illuminate\\Container\\Util.php(43): Illuminate\\Container\\BoundMethod::{closure:Illuminate\\Container\\BoundMethod::call():35}()
#17 C:\\Users\\Ikiru\\Desktop\\04-laravel\\laravel-api\\vendor\\laravel\\framework\\src\\Illuminate\\Container\\BoundMethod.php(96): Illuminate\\Container\\Util::unwrapIfClosure(Object(Closure))
#18 C:\\Users\\Ikiru\\Desktop\\04-laravel\\laravel-api\\vendor\\laravel\\framework\\src\\Illuminate\\Container\\BoundMethod.php(35): Illuminate\\Container\\BoundMethod::callBoundMethod(Object(Illuminate\\Foundation\\Application), Array, Object(Closure))
#19 C:\\Users\\Ikiru\\Desktop\\04-laravel\\laravel-api\\vendor\\laravel\\framework\\src\\Illuminate\\Container\\Container.php(754): Illuminate\\Container\\BoundMethod::call(Object(Illuminate\\Foundation\\Application), Array, Array, NULL)
#20 C:\\Users\\Ikiru\\Desktop\\04-laravel\\laravel-api\\vendor\\laravel\\framework\\src\\Illuminate\\Console\\Command.php(213): Illuminate\\Container\\Container->call(Array)
#21 C:\\Users\\Ikiru\\Desktop\\04-laravel\\laravel-api\\vendor\\symfony\\console\\Command\\Command.php(279): Illuminate\\Console\\Command->execute(Object(Symfony\\Component\\Console\\Input\\ArgvInput), Object(Illuminate\\Console\\OutputStyle))
#22 C:\\Users\\Ikiru\\Desktop\\04-laravel\\laravel-api\\vendor\\laravel\\framework\\src\\Illuminate\\Console\\Command.php(182): Symfony\\Component\\Console\\Command\\Command->run(Object(Symfony\\Component\\Console\\Input\\ArgvInput), Object(Illuminate\\Console\\OutputStyle))
#23 C:\\Users\\Ikiru\\Desktop\\04-laravel\\laravel-api\\vendor\\symfony\\console\\Application.php(1094): Illuminate\\Console\\Command->run(Object(Symfony\\Component\\Console\\Input\\ArgvInput), Object(Symfony\\Component\\Console\\Output\\ConsoleOutput))
#24 C:\\Users\\Ikiru\\Desktop\\04-laravel\\laravel-api\\vendor\\symfony\\console\\Application.php(342): Symfony\\Component\\Console\\Application->doRunCommand(Object(Illuminate\\Database\\Console\\Migrations\\MigrateCommand), Object(Symfony\\Component\\Console\\Input\\ArgvInput), Object(Symfony\\Component\\Console\\Output\\ConsoleOutput))
#25 C:\\Users\\Ikiru\\Desktop\\04-laravel\\laravel-api\\vendor\\symfony\\console\\Application.php(193): Symfony\\Component\\Console\\Application->doRun(Object(Symfony\\Component\\Console\\Input\\ArgvInput), Object(Symfony\\Component\\Console\\Output\\ConsoleOutput))
#26 C:\\Users\\Ikiru\\Desktop\\04-laravel\\laravel-api\\vendor\\laravel\\framework\\src\\Illuminate\\Foundation\\Console\\Kernel.php(198): Symfony\\Component\\Console\\Application->run(Object(Symfony\\Component\\Console\\Input\\ArgvInput), Object(Symfony\\Component\\Console\\Output\\ConsoleOutput))
#27 C:\\Users\\Ikiru\\Desktop\\04-laravel\\laravel-api\\vendor\\laravel\\framework\\src\\Illuminate\\Foundation\\Application.php(1235): Illuminate\\Foundation\\Console\\Kernel->handle(Object(Symfony\\Component\\Console\\Input\\ArgvInput), Object(Symfony\\Component\\Console\\Output\\ConsoleOutput))
#28 C:\\Users\\Ikiru\\Desktop\\04-laravel\\laravel-api\\artisan(16): Illuminate\\Foundation\\Application->handleCommand(Object(Symfony\\Component\\Console\\Input\\ArgvInput))
#29 {main}

[previous exception] [object] (PDOException(code: 0): could not find driver at C:\\Users\\Ikiru\\Desktop\\04-laravel\\laravel-api\\vendor\\laravel\\framework\\src\\Illuminate\\Database\\Connectors\\Connector.php:67)
[stacktrace]
#0 C:\\Users\\Ikiru\\Desktop\\04-laravel\\laravel-api\\vendor\\laravel\\framework\\src\\Illuminate\\Database\\Connectors\\Connector.php(67): PDO::connect('sqlite:C:\\\\Users...', NULL, Object(SensitiveParameterValue), Array)
#1 C:\\Users\\Ikiru\\Desktop\\04-laravel\\laravel-api\\vendor\\laravel\\framework\\src\\Illuminate\\Database\\Connectors\\Connector.php(44): Illuminate\\Database\\Connectors\\Connector->createPdoConnection('sqlite:C:\\\\Users...', NULL, Object(SensitiveParameterValue), Array)
#2 C:\\Users\\Ikiru\\Desktop\\04-laravel\\laravel-api\\vendor\\laravel\\framework\\src\\Illuminate\\Database\\Connectors\\SQLiteConnector.php(21): Illuminate\\Database\\Connectors\\Connector->createConnection('sqlite:C:\\\\Users...', Array, Array)
#3 C:\\Users\\Ikiru\\Desktop\\04-laravel\\laravel-api\\vendor\\laravel\\framework\\src\\Illuminate\\Database\\Connectors\\ConnectionFactory.php(224): Illuminate\\Database\\Connectors\\SQLiteConnector->connect(Array)
#4 [internal function]: Illuminate\\Database\\Connectors\\ConnectionFactory->{closure:Illuminate\\Database\\Connectors\\ConnectionFactory::createPdoResolverWithoutHosts():224}()
#5 C:\\Users\\Ikiru\\Desktop\\04-laravel\\laravel-api\\vendor\\laravel\\framework\\src\\Illuminate\\Database\\Connection.php(1229): call_user_func(Object(Closure))
#6 C:\\Users\\Ikiru\\Desktop\\04-laravel\\laravel-api\\vendor\\laravel\\framework\\src\\Illuminate\\Database\\Connection.php(1265): Illuminate\\Database\\Connection->getPdo()
#7 C:\\Users\\Ikiru\\Desktop\\04-laravel\\laravel-api\\vendor\\laravel\\framework\\src\\Illuminate\\Database\\Connection.php(510): Illuminate\\Database\\Connection->getReadPdo()
#8 C:\\Users\\Ikiru\\Desktop\\04-laravel\\laravel-api\\vendor\\laravel\\framework\\src\\Illuminate\\Database\\Connection.php(405): Illuminate\\Database\\Connection->getPdoForSelect(true)
#9 C:\\Users\\Ikiru\\Desktop\\04-laravel\\laravel-api\\vendor\\laravel\\framework\\src\\Illuminate\\Database\\Connection.php(810): Illuminate\\Database\\Connection->{closure:Illuminate\\Database\\Connection::select():396}('select exists (...', Array)
#10 C:\\Users\\Ikiru\\Desktop\\04-laravel\\laravel-api\\vendor\\laravel\\framework\\src\\Illuminate\\Database\\Connection.php(777): Illuminate\\Database\\Connection->runQueryCallback('select exists (...', Array, Object(Closure))
#11 C:\\Users\\Ikiru\\Desktop\\04-laravel\\laravel-api\\vendor\\laravel\\framework\\src\\Illuminate\\Database\\Connection.php(396): Illuminate\\Database\\Connection->run('select exists (...', Array, Object(Closure))
#12 C:\\Users\\Ikiru\\Desktop\\04-laravel\\laravel-api\\vendor\\laravel\\framework\\src\\Illuminate\\Database\\Connection.php(342): Illuminate\\Database\\Connection->select('select exists (...', Array, true)
#13 C:\\Users\\Ikiru\\Desktop\\04-laravel\\laravel-api\\vendor\\laravel\\framework\\src\\Illuminate\\Database\\Connection.php(359): Illuminate\\Database\\Connection->selectOne('select exists (...', Array, true)
#14 C:\\Users\\Ikiru\\Desktop\\04-laravel\\laravel-api\\vendor\\laravel\\framework\\src\\Illuminate\\Database\\Schema\\Builder.php(175): Illuminate\\Database\\Connection->scalar('select exists (...')
#15 C:\\Users\\Ikiru\\Desktop\\04-laravel\\laravel-api\\vendor\\laravel\\framework\\src\\Illuminate\\Database\\Migrations\\DatabaseMigrationRepository.php(184): Illuminate\\Database\\Schema\\Builder->hasTable('migrations')
#16 C:\\Users\\Ikiru\\Desktop\\04-laravel\\laravel-api\\vendor\\laravel\\framework\\src\\Illuminate\\Database\\Migrations\\Migrator.php(742): Illuminate\\Database\\Migrations\\DatabaseMigrationRepository->repositoryExists()
#17 C:\\Users\\Ikiru\\Desktop\\04-laravel\\laravel-api\\vendor\\laravel\\framework\\src\\Illuminate\\Database\\Console\\Migrations\\MigrateCommand.php(165): Illuminate\\Database\\Migrations\\Migrator->repositoryExists()
#18 C:\\Users\\Ikiru\\Desktop\\04-laravel\\laravel-api\\vendor\\laravel\\framework\\src\\Illuminate\\Support\\helpers.php(338): Illuminate\\Database\\Console\\Migrations\\MigrateCommand->{closure:Illuminate\\Database\\Console\\Migrations\\MigrateCommand::repositoryExists():165}(1)
#19 C:\\Users\\Ikiru\\Desktop\\04-laravel\\laravel-api\\vendor\\laravel\\framework\\src\\Illuminate\\Database\\Console\\Migrations\\MigrateCommand.php(165): retry(1, Object(Closure), 0, Object(Closure))
#20 C:\\Users\\Ikiru\\Desktop\\04-laravel\\laravel-api\\vendor\\laravel\\framework\\src\\Illuminate\\Database\\Console\\Migrations\\MigrateCommand.php(141): Illuminate\\Database\\Console\\Migrations\\MigrateCommand->repositoryExists()
#21 C:\\Users\\Ikiru\\Desktop\\04-laravel\\laravel-api\\vendor\\laravel\\framework\\src\\Illuminate\\Database\\Console\\Migrations\\MigrateCommand.php(111): Illuminate\\Database\\Console\\Migrations\\MigrateCommand->prepareDatabase()
#22 C:\\Users\\Ikiru\\Desktop\\04-laravel\\laravel-api\\vendor\\laravel\\framework\\src\\Illuminate\\Database\\Migrations\\Migrator.php(658): Illuminate\\Database\\Console\\Migrations\\MigrateCommand->{closure:Illuminate\\Database\\Console\\Migrations\\MigrateCommand::runMigrations():110}()
#23 C:\\Users\\Ikiru\\Desktop\\04-laravel\\laravel-api\\vendor\\laravel\\framework\\src\\Illuminate\\Database\\Console\\Migrations\\MigrateCommand.php(110): Illuminate\\Database\\Migrations\\Migrator->usingConnection(NULL, Object(Closure))
#24 C:\\Users\\Ikiru\\Desktop\\04-laravel\\laravel-api\\vendor\\laravel\\framework\\src\\Illuminate\\Database\\Console\\Migrations\\MigrateCommand.php(89): Illuminate\\Database\\Console\\Migrations\\MigrateCommand->runMigrations()
#25 C:\\Users\\Ikiru\\Desktop\\04-laravel\\laravel-api\\vendor\\laravel\\framework\\src\\Illuminate\\Container\\BoundMethod.php(36): Illuminate\\Database\\Console\\Migrations\\MigrateCommand->handle()
#26 C:\\Users\\Ikiru\\Desktop\\04-laravel\\laravel-api\\vendor\\laravel\\framework\\src\\Illuminate\\Container\\Util.php(43): Illuminate\\Container\\BoundMethod::{closure:Illuminate\\Container\\BoundMethod::call():35}()
#27 C:\\Users\\Ikiru\\Desktop\\04-laravel\\laravel-api\\vendor\\laravel\\framework\\src\\Illuminate\\Container\\BoundMethod.php(96): Illuminate\\Container\\Util::unwrapIfClosure(Object(Closure))
#28 C:\\Users\\Ikiru\\Desktop\\04-laravel\\laravel-api\\vendor\\laravel\\framework\\src\\Illuminate\\Container\\BoundMethod.php(35): Illuminate\\Container\\BoundMethod::callBoundMethod(Object(Illuminate\\Foundation\\Application), Array, Object(Closure))
#29 C:\\Users\\Ikiru\\Desktop\\04-laravel\\laravel-api\\vendor\\laravel\\framework\\src\\Illuminate\\Container\\Container.php(754): Illuminate\\Container\\BoundMethod::call(Object(Illuminate\\Foundation\\Application), Array, Array, NULL)
#30 C:\\Users\\Ikiru\\Desktop\\04-laravel\\laravel-api\\vendor\\laravel\\framework\\src\\Illuminate\\Console\\Command.php(213): Illuminate\\Container\\Container->call(Array)
#31 C:\\Users\\Ikiru\\Desktop\\04-laravel\\laravel-api\\vendor\\symfony\\console\\Command\\Command.php(279): Illuminate\\Console\\Command->execute(Object(Symfony\\Component\\Console\\Input\\ArgvInput), Object(Illuminate\\Console\\OutputStyle))
#32 C:\\Users\\Ikiru\\Desktop\\04-laravel\\laravel-api\\vendor\\laravel\\framework\\src\\Illuminate\\Console\\Command.php(182): Symfony\\Component\\Console\\Command\\Command->run(Object(Symfony\\Component\\Console\\Input\\ArgvInput), Object(Illuminate\\Console\\OutputStyle))
#33 C:\\Users\\Ikiru\\Desktop\\04-laravel\\laravel-api\\vendor\\symfony\\console\\Application.php(1094): Illuminate\\Console\\Command->run(Object(Symfony\\Component\\Console\\Input\\ArgvInput), Object(Symfony\\Component\\Console\\Output\\ConsoleOutput))
#34 C:\\Users\\Ikiru\\Desktop\\04-laravel\\laravel-api\\vendor\\symfony\\console\\Application.php(342): Symfony\\Component\\Console\\Application->doRunCommand(Object(Illuminate\\Database\\Console\\Migrations\\MigrateCommand), Object(Symfony\\Component\\Console\\Input\\ArgvInput), Object(Symfony\\Component\\Console\\Output\\ConsoleOutput))
#35 C:\\Users\\Ikiru\\Desktop\\04-laravel\\laravel-api\\vendor\\symfony\\console\\Application.php(193): Symfony\\Component\\Console\\Application->doRun(Object(Symfony\\Component\\Console\\Input\\ArgvInput), Object(Symfony\\Component\\Console\\Output\\ConsoleOutput))
#36 C:\\Users\\Ikiru\\Desktop\\04-laravel\\laravel-api\\vendor\\laravel\\framework\\src\\Illuminate\\Foundation\\Console\\Kernel.php(198): Symfony\\Component\\Console\\Application->run(Object(Symfony\\Component\\Console\\Input\\ArgvInput), Object(Symfony\\Component\\Console\\Output\\ConsoleOutput))
#37 C:\\Users\\Ikiru\\Desktop\\04-laravel\\laravel-api\\vendor\\laravel\\framework\\src\\Illuminate\\Foundation\\Application.php(1235): Illuminate\\Foundation\\Console\\Kernel->handle(Object(Symfony\\Component\\Console\\Input\\ArgvInput), Object(Symfony\\Component\\Console\\Output\\ConsoleOutput))
#38 C:\\Users\\Ikiru\\Desktop\\04-laravel\\laravel-api\\artisan(16): Illuminate\\Foundation\\Application->handleCommand(Object(Symfony\\Component\\Console\\Input\\ArgvInput))
#39 {main}
"} 
[2025-03-25 14:40:31] local.ERROR: could not find driver (Connection: sqlite, SQL: select exists (select 1 from "main".sqlite_master where name = 'migrations' and type = 'table') as "exists") {"exception":"[object] (Illuminate\\Database\\QueryException(code: 0): could not find driver (Connection: sqlite, SQL: select exists (select 1 from \"main\".sqlite_master where name = 'migrations' and type = 'table') as \"exists\") at C:\\Users\\Ikiru\\Desktop\\04-laravel\\laravel-api\\vendor\\laravel\\framework\\src\\Illuminate\\Database\\Connection.php:823)
[stacktrace]
#0 C:\\Users\\Ikiru\\Desktop\\04-laravel\\laravel-api\\vendor\\laravel\\framework\\src\\Illuminate\\Database\\Connection.php(777): Illuminate\\Database\\Connection->runQueryCallback('select exists (...', Array, Object(Closure))
#1 C:\\Users\\Ikiru\\Desktop\\04-laravel\\laravel-api\\vendor\\laravel\\framework\\src\\Illuminate\\Database\\Connection.php(396): Illuminate\\Database\\Connection->run('select exists (...', Array, Object(Closure))
#2 C:\\Users\\Ikiru\\Desktop\\04-laravel\\laravel-api\\vendor\\laravel\\framework\\src\\Illuminate\\Database\\Connection.php(342): Illuminate\\Database\\Connection->select('select exists (...', Array, true)
#3 C:\\Users\\Ikiru\\Desktop\\04-laravel\\laravel-api\\vendor\\laravel\\framework\\src\\Illuminate\\Database\\Connection.php(359): Illuminate\\Database\\Connection->selectOne('select exists (...', Array, true)
#4 C:\\Users\\Ikiru\\Desktop\\04-laravel\\laravel-api\\vendor\\laravel\\framework\\src\\Illuminate\\Database\\Schema\\Builder.php(175): Illuminate\\Database\\Connection->scalar('select exists (...')
#5 C:\\Users\\Ikiru\\Desktop\\04-laravel\\laravel-api\\vendor\\laravel\\framework\\src\\Illuminate\\Database\\Migrations\\DatabaseMigrationRepository.php(184): Illuminate\\Database\\Schema\\Builder->hasTable('migrations')
#6 C:\\Users\\Ikiru\\Desktop\\04-laravel\\laravel-api\\vendor\\laravel\\framework\\src\\Illuminate\\Database\\Migrations\\Migrator.php(742): Illuminate\\Database\\Migrations\\DatabaseMigrationRepository->repositoryExists()
#7 C:\\Users\\Ikiru\\Desktop\\04-laravel\\laravel-api\\vendor\\laravel\\framework\\src\\Illuminate\\Database\\Console\\Migrations\\MigrateCommand.php(165): Illuminate\\Database\\Migrations\\Migrator->repositoryExists()
#8 C:\\Users\\Ikiru\\Desktop\\04-laravel\\laravel-api\\vendor\\laravel\\framework\\src\\Illuminate\\Support\\helpers.php(338): Illuminate\\Database\\Console\\Migrations\\MigrateCommand->{closure:Illuminate\\Database\\Console\\Migrations\\MigrateCommand::repositoryExists():165}(1)
#9 C:\\Users\\Ikiru\\Desktop\\04-laravel\\laravel-api\\vendor\\laravel\\framework\\src\\Illuminate\\Database\\Console\\Migrations\\MigrateCommand.php(165): retry(1, Object(Closure), 0, Object(Closure))
#10 C:\\Users\\Ikiru\\Desktop\\04-laravel\\laravel-api\\vendor\\laravel\\framework\\src\\Illuminate\\Database\\Console\\Migrations\\MigrateCommand.php(141): Illuminate\\Database\\Console\\Migrations\\MigrateCommand->repositoryExists()
#11 C:\\Users\\Ikiru\\Desktop\\04-laravel\\laravel-api\\vendor\\laravel\\framework\\src\\Illuminate\\Database\\Console\\Migrations\\MigrateCommand.php(111): Illuminate\\Database\\Console\\Migrations\\MigrateCommand->prepareDatabase()
#12 C:\\Users\\Ikiru\\Desktop\\04-laravel\\laravel-api\\vendor\\laravel\\framework\\src\\Illuminate\\Database\\Migrations\\Migrator.php(658): Illuminate\\Database\\Console\\Migrations\\MigrateCommand->{closure:Illuminate\\Database\\Console\\Migrations\\MigrateCommand::runMigrations():110}()
#13 C:\\Users\\Ikiru\\Desktop\\04-laravel\\laravel-api\\vendor\\laravel\\framework\\src\\Illuminate\\Database\\Console\\Migrations\\MigrateCommand.php(110): Illuminate\\Database\\Migrations\\Migrator->usingConnection(NULL, Object(Closure))
#14 C:\\Users\\Ikiru\\Desktop\\04-laravel\\laravel-api\\vendor\\laravel\\framework\\src\\Illuminate\\Database\\Console\\Migrations\\MigrateCommand.php(89): Illuminate\\Database\\Console\\Migrations\\MigrateCommand->runMigrations()
#15 C:\\Users\\Ikiru\\Desktop\\04-laravel\\laravel-api\\vendor\\laravel\\framework\\src\\Illuminate\\Container\\BoundMethod.php(36): Illuminate\\Database\\Console\\Migrations\\MigrateCommand->handle()
#16 C:\\Users\\Ikiru\\Desktop\\04-laravel\\laravel-api\\vendor\\laravel\\framework\\src\\Illuminate\\Container\\Util.php(43): Illuminate\\Container\\BoundMethod::{closure:Illuminate\\Container\\BoundMethod::call():35}()
#17 C:\\Users\\Ikiru\\Desktop\\04-laravel\\laravel-api\\vendor\\laravel\\framework\\src\\Illuminate\\Container\\BoundMethod.php(96): Illuminate\\Container\\Util::unwrapIfClosure(Object(Closure))
#18 C:\\Users\\Ikiru\\Desktop\\04-laravel\\laravel-api\\vendor\\laravel\\framework\\src\\Illuminate\\Container\\BoundMethod.php(35): Illuminate\\Container\\BoundMethod::callBoundMethod(Object(Illuminate\\Foundation\\Application), Array, Object(Closure))
#19 C:\\Users\\Ikiru\\Desktop\\04-laravel\\laravel-api\\vendor\\laravel\\framework\\src\\Illuminate\\Container\\Container.php(754): Illuminate\\Container\\BoundMethod::call(Object(Illuminate\\Foundation\\Application), Array, Array, NULL)
#20 C:\\Users\\Ikiru\\Desktop\\04-laravel\\laravel-api\\vendor\\laravel\\framework\\src\\Illuminate\\Console\\Command.php(213): Illuminate\\Container\\Container->call(Array)
#21 C:\\Users\\Ikiru\\Desktop\\04-laravel\\laravel-api\\vendor\\symfony\\console\\Command\\Command.php(279): Illuminate\\Console\\Command->execute(Object(Symfony\\Component\\Console\\Input\\ArgvInput), Object(Illuminate\\Console\\OutputStyle))
#22 C:\\Users\\Ikiru\\Desktop\\04-laravel\\laravel-api\\vendor\\laravel\\framework\\src\\Illuminate\\Console\\Command.php(182): Symfony\\Component\\Console\\Command\\Command->run(Object(Symfony\\Component\\Console\\Input\\ArgvInput), Object(Illuminate\\Console\\OutputStyle))
#23 C:\\Users\\Ikiru\\Desktop\\04-laravel\\laravel-api\\vendor\\symfony\\console\\Application.php(1094): Illuminate\\Console\\Command->run(Object(Symfony\\Component\\Console\\Input\\ArgvInput), Object(Symfony\\Component\\Console\\Output\\ConsoleOutput))
#24 C:\\Users\\Ikiru\\Desktop\\04-laravel\\laravel-api\\vendor\\symfony\\console\\Application.php(342): Symfony\\Component\\Console\\Application->doRunCommand(Object(Illuminate\\Database\\Console\\Migrations\\MigrateCommand), Object(Symfony\\Component\\Console\\Input\\ArgvInput), Object(Symfony\\Component\\Console\\Output\\ConsoleOutput))
#25 C:\\Users\\Ikiru\\Desktop\\04-laravel\\laravel-api\\vendor\\symfony\\console\\Application.php(193): Symfony\\Component\\Console\\Application->doRun(Object(Symfony\\Component\\Console\\Input\\ArgvInput), Object(Symfony\\Component\\Console\\Output\\ConsoleOutput))
#26 C:\\Users\\Ikiru\\Desktop\\04-laravel\\laravel-api\\vendor\\laravel\\framework\\src\\Illuminate\\Foundation\\Console\\Kernel.php(198): Symfony\\Component\\Console\\Application->run(Object(Symfony\\Component\\Console\\Input\\ArgvInput), Object(Symfony\\Component\\Console\\Output\\ConsoleOutput))
#27 C:\\Users\\Ikiru\\Desktop\\04-laravel\\laravel-api\\vendor\\laravel\\framework\\src\\Illuminate\\Foundation\\Application.php(1235): Illuminate\\Foundation\\Console\\Kernel->handle(Object(Symfony\\Component\\Console\\Input\\ArgvInput), Object(Symfony\\Component\\Console\\Output\\ConsoleOutput))
#28 C:\\Users\\Ikiru\\Desktop\\04-laravel\\laravel-api\\artisan(16): Illuminate\\Foundation\\Application->handleCommand(Object(Symfony\\Component\\Console\\Input\\ArgvInput))
#29 {main}

[previous exception] [object] (PDOException(code: 0): could not find driver at C:\\Users\\Ikiru\\Desktop\\04-laravel\\laravel-api\\vendor\\laravel\\framework\\src\\Illuminate\\Database\\Connectors\\Connector.php:67)
[stacktrace]
#0 C:\\Users\\Ikiru\\Desktop\\04-laravel\\laravel-api\\vendor\\laravel\\framework\\src\\Illuminate\\Database\\Connectors\\Connector.php(67): PDO::connect('sqlite:C:\\\\Users...', NULL, Object(SensitiveParameterValue), Array)
#1 C:\\Users\\Ikiru\\Desktop\\04-laravel\\laravel-api\\vendor\\laravel\\framework\\src\\Illuminate\\Database\\Connectors\\Connector.php(44): Illuminate\\Database\\Connectors\\Connector->createPdoConnection('sqlite:C:\\\\Users...', NULL, Object(SensitiveParameterValue), Array)
#2 C:\\Users\\Ikiru\\Desktop\\04-laravel\\laravel-api\\vendor\\laravel\\framework\\src\\Illuminate\\Database\\Connectors\\SQLiteConnector.php(21): Illuminate\\Database\\Connectors\\Connector->createConnection('sqlite:C:\\\\Users...', Array, Array)
#3 C:\\Users\\Ikiru\\Desktop\\04-laravel\\laravel-api\\vendor\\laravel\\framework\\src\\Illuminate\\Database\\Connectors\\ConnectionFactory.php(224): Illuminate\\Database\\Connectors\\SQLiteConnector->connect(Array)
#4 [internal function]: Illuminate\\Database\\Connectors\\ConnectionFactory->{closure:Illuminate\\Database\\Connectors\\ConnectionFactory::createPdoResolverWithoutHosts():224}()
#5 C:\\Users\\Ikiru\\Desktop\\04-laravel\\laravel-api\\vendor\\laravel\\framework\\src\\Illuminate\\Database\\Connection.php(1229): call_user_func(Object(Closure))
#6 C:\\Users\\Ikiru\\Desktop\\04-laravel\\laravel-api\\vendor\\laravel\\framework\\src\\Illuminate\\Database\\Connection.php(1265): Illuminate\\Database\\Connection->getPdo()
#7 C:\\Users\\Ikiru\\Desktop\\04-laravel\\laravel-api\\vendor\\laravel\\framework\\src\\Illuminate\\Database\\Connection.php(510): Illuminate\\Database\\Connection->getReadPdo()
#8 C:\\Users\\Ikiru\\Desktop\\04-laravel\\laravel-api\\vendor\\laravel\\framework\\src\\Illuminate\\Database\\Connection.php(405): Illuminate\\Database\\Connection->getPdoForSelect(true)
#9 C:\\Users\\Ikiru\\Desktop\\04-laravel\\laravel-api\\vendor\\laravel\\framework\\src\\Illuminate\\Database\\Connection.php(810): Illuminate\\Database\\Connection->{closure:Illuminate\\Database\\Connection::select():396}('select exists (...', Array)
#10 C:\\Users\\Ikiru\\Desktop\\04-laravel\\laravel-api\\vendor\\laravel\\framework\\src\\Illuminate\\Database\\Connection.php(777): Illuminate\\Database\\Connection->runQueryCallback('select exists (...', Array, Object(Closure))
#11 C:\\Users\\Ikiru\\Desktop\\04-laravel\\laravel-api\\vendor\\laravel\\framework\\src\\Illuminate\\Database\\Connection.php(396): Illuminate\\Database\\Connection->run('select exists (...', Array, Object(Closure))
#12 C:\\Users\\Ikiru\\Desktop\\04-laravel\\laravel-api\\vendor\\laravel\\framework\\src\\Illuminate\\Database\\Connection.php(342): Illuminate\\Database\\Connection->select('select exists (...', Array, true)
#13 C:\\Users\\Ikiru\\Desktop\\04-laravel\\laravel-api\\vendor\\laravel\\framework\\src\\Illuminate\\Database\\Connection.php(359): Illuminate\\Database\\Connection->selectOne('select exists (...', Array, true)
#14 C:\\Users\\Ikiru\\Desktop\\04-laravel\\laravel-api\\vendor\\laravel\\framework\\src\\Illuminate\\Database\\Schema\\Builder.php(175): Illuminate\\Database\\Connection->scalar('select exists (...')
#15 C:\\Users\\Ikiru\\Desktop\\04-laravel\\laravel-api\\vendor\\laravel\\framework\\src\\Illuminate\\Database\\Migrations\\DatabaseMigrationRepository.php(184): Illuminate\\Database\\Schema\\Builder->hasTable('migrations')
#16 C:\\Users\\Ikiru\\Desktop\\04-laravel\\laravel-api\\vendor\\laravel\\framework\\src\\Illuminate\\Database\\Migrations\\Migrator.php(742): Illuminate\\Database\\Migrations\\DatabaseMigrationRepository->repositoryExists()
#17 C:\\Users\\Ikiru\\Desktop\\04-laravel\\laravel-api\\vendor\\laravel\\framework\\src\\Illuminate\\Database\\Console\\Migrations\\MigrateCommand.php(165): Illuminate\\Database\\Migrations\\Migrator->repositoryExists()
#18 C:\\Users\\Ikiru\\Desktop\\04-laravel\\laravel-api\\vendor\\laravel\\framework\\src\\Illuminate\\Support\\helpers.php(338): Illuminate\\Database\\Console\\Migrations\\MigrateCommand->{closure:Illuminate\\Database\\Console\\Migrations\\MigrateCommand::repositoryExists():165}(1)
#19 C:\\Users\\Ikiru\\Desktop\\04-laravel\\laravel-api\\vendor\\laravel\\framework\\src\\Illuminate\\Database\\Console\\Migrations\\MigrateCommand.php(165): retry(1, Object(Closure), 0, Object(Closure))
#20 C:\\Users\\Ikiru\\Desktop\\04-laravel\\laravel-api\\vendor\\laravel\\framework\\src\\Illuminate\\Database\\Console\\Migrations\\MigrateCommand.php(141): Illuminate\\Database\\Console\\Migrations\\MigrateCommand->repositoryExists()
#21 C:\\Users\\Ikiru\\Desktop\\04-laravel\\laravel-api\\vendor\\laravel\\framework\\src\\Illuminate\\Database\\Console\\Migrations\\MigrateCommand.php(111): Illuminate\\Database\\Console\\Migrations\\MigrateCommand->prepareDatabase()
#22 C:\\Users\\Ikiru\\Desktop\\04-laravel\\laravel-api\\vendor\\laravel\\framework\\src\\Illuminate\\Database\\Migrations\\Migrator.php(658): Illuminate\\Database\\Console\\Migrations\\MigrateCommand->{closure:Illuminate\\Database\\Console\\Migrations\\MigrateCommand::runMigrations():110}()
#23 C:\\Users\\Ikiru\\Desktop\\04-laravel\\laravel-api\\vendor\\laravel\\framework\\src\\Illuminate\\Database\\Console\\Migrations\\MigrateCommand.php(110): Illuminate\\Database\\Migrations\\Migrator->usingConnection(NULL, Object(Closure))
#24 C:\\Users\\Ikiru\\Desktop\\04-laravel\\laravel-api\\vendor\\laravel\\framework\\src\\Illuminate\\Database\\Console\\Migrations\\MigrateCommand.php(89): Illuminate\\Database\\Console\\Migrations\\MigrateCommand->runMigrations()
#25 C:\\Users\\Ikiru\\Desktop\\04-laravel\\laravel-api\\vendor\\laravel\\framework\\src\\Illuminate\\Container\\BoundMethod.php(36): Illuminate\\Database\\Console\\Migrations\\MigrateCommand->handle()
#26 C:\\Users\\Ikiru\\Desktop\\04-laravel\\laravel-api\\vendor\\laravel\\framework\\src\\Illuminate\\Container\\Util.php(43): Illuminate\\Container\\BoundMethod::{closure:Illuminate\\Container\\BoundMethod::call():35}()
#27 C:\\Users\\Ikiru\\Desktop\\04-laravel\\laravel-api\\vendor\\laravel\\framework\\src\\Illuminate\\Container\\BoundMethod.php(96): Illuminate\\Container\\Util::unwrapIfClosure(Object(Closure))
#28 C:\\Users\\Ikiru\\Desktop\\04-laravel\\laravel-api\\vendor\\laravel\\framework\\src\\Illuminate\\Container\\BoundMethod.php(35): Illuminate\\Container\\BoundMethod::callBoundMethod(Object(Illuminate\\Foundation\\Application), Array, Object(Closure))
#29 C:\\Users\\Ikiru\\Desktop\\04-laravel\\laravel-api\\vendor\\laravel\\framework\\src\\Illuminate\\Container\\Container.php(754): Illuminate\\Container\\BoundMethod::call(Object(Illuminate\\Foundation\\Application), Array, Array, NULL)
#30 C:\\Users\\Ikiru\\Desktop\\04-laravel\\laravel-api\\vendor\\laravel\\framework\\src\\Illuminate\\Console\\Command.php(213): Illuminate\\Container\\Container->call(Array)
#31 C:\\Users\\Ikiru\\Desktop\\04-laravel\\laravel-api\\vendor\\symfony\\console\\Command\\Command.php(279): Illuminate\\Console\\Command->execute(Object(Symfony\\Component\\Console\\Input\\ArgvInput), Object(Illuminate\\Console\\OutputStyle))
#32 C:\\Users\\Ikiru\\Desktop\\04-laravel\\laravel-api\\vendor\\laravel\\framework\\src\\Illuminate\\Console\\Command.php(182): Symfony\\Component\\Console\\Command\\Command->run(Object(Symfony\\Component\\Console\\Input\\ArgvInput), Object(Illuminate\\Console\\OutputStyle))
#33 C:\\Users\\Ikiru\\Desktop\\04-laravel\\laravel-api\\vendor\\symfony\\console\\Application.php(1094): Illuminate\\Console\\Command->run(Object(Symfony\\Component\\Console\\Input\\ArgvInput), Object(Symfony\\Component\\Console\\Output\\ConsoleOutput))
#34 C:\\Users\\Ikiru\\Desktop\\04-laravel\\laravel-api\\vendor\\symfony\\console\\Application.php(342): Symfony\\Component\\Console\\Application->doRunCommand(Object(Illuminate\\Database\\Console\\Migrations\\MigrateCommand), Object(Symfony\\Component\\Console\\Input\\ArgvInput), Object(Symfony\\Component\\Console\\Output\\ConsoleOutput))
#35 C:\\Users\\Ikiru\\Desktop\\04-laravel\\laravel-api\\vendor\\symfony\\console\\Application.php(193): Symfony\\Component\\Console\\Application->doRun(Object(Symfony\\Component\\Console\\Input\\ArgvInput), Object(Symfony\\Component\\Console\\Output\\ConsoleOutput))
#36 C:\\Users\\Ikiru\\Desktop\\04-laravel\\laravel-api\\vendor\\laravel\\framework\\src\\Illuminate\\Foundation\\Console\\Kernel.php(198): Symfony\\Component\\Console\\Application->run(Object(Symfony\\Component\\Console\\Input\\ArgvInput), Object(Symfony\\Component\\Console\\Output\\ConsoleOutput))
#37 C:\\Users\\Ikiru\\Desktop\\04-laravel\\laravel-api\\vendor\\laravel\\framework\\src\\Illuminate\\Foundation\\Application.php(1235): Illuminate\\Foundation\\Console\\Kernel->handle(Object(Symfony\\Component\\Console\\Input\\ArgvInput), Object(Symfony\\Component\\Console\\Output\\ConsoleOutput))
#38 C:\\Users\\Ikiru\\Desktop\\04-laravel\\laravel-api\\artisan(16): Illuminate\\Foundation\\Application->handleCommand(Object(Symfony\\Component\\Console\\Input\\ArgvInput))
#39 {main}
"} 
[2025-03-25 14:57:23] local.ERROR: could not find driver (Connection: sqlite, SQL: select * from "sessions" where "id" = rVkogaaMUXeDg1sEtCQoBiMeXjlDaTJz8ezX6PwS limit 1) {"exception":"[object] (Illuminate\\Database\\QueryException(code: 0): could not find driver (Connection: sqlite, SQL: select * from \"sessions\" where \"id\" = rVkogaaMUXeDg1sEtCQoBiMeXjlDaTJz8ezX6PwS limit 1) at C:\\Users\\Ikiru\\Desktop\\04-laravel\\laravel-api\\vendor\\laravel\\framework\\src\\Illuminate\\Database\\Connection.php:823)
[stacktrace]
#0 C:\\Users\\Ikiru\\Desktop\\04-laravel\\laravel-api\\vendor\\laravel\\framework\\src\\Illuminate\\Database\\Connection.php(777): Illuminate\\Database\\Connection->runQueryCallback('select * from \"...', Array, Object(Closure))
#1 C:\\Users\\Ikiru\\Desktop\\04-laravel\\laravel-api\\vendor\\laravel\\framework\\src\\Illuminate\\Database\\Connection.php(396): Illuminate\\Database\\Connection->run('select * from \"...', Array, Object(Closure))
#2 C:\\Users\\Ikiru\\Desktop\\04-laravel\\laravel-api\\vendor\\laravel\\framework\\src\\Illuminate\\Database\\Query\\Builder.php(3105): Illuminate\\Database\\Connection->select('select * from \"...', Array, false)
#3 C:\\Users\\Ikiru\\Desktop\\04-laravel\\laravel-api\\vendor\\laravel\\framework\\src\\Illuminate\\Database\\Query\\Builder.php(3090): Illuminate\\Database\\Query\\Builder->runSelect()
#4 C:\\Users\\Ikiru\\Desktop\\04-laravel\\laravel-api\\vendor\\laravel\\framework\\src\\Illuminate\\Database\\Query\\Builder.php(3677): Illuminate\\Database\\Query\\Builder->{closure:Illuminate\\Database\\Query\\Builder::get():3089}()
#5 C:\\Users\\Ikiru\\Desktop\\04-laravel\\laravel-api\\vendor\\laravel\\framework\\src\\Illuminate\\Database\\Query\\Builder.php(3089): Illuminate\\Database\\Query\\Builder->onceWithColumns(Array, Object(Closure))
#6 C:\\Users\\Ikiru\\Desktop\\04-laravel\\laravel-api\\vendor\\laravel\\framework\\src\\Illuminate\\Database\\Concerns\\BuildsQueries.php(366): Illuminate\\Database\\Query\\Builder->get(Array)
#7 C:\\Users\\Ikiru\\Desktop\\04-laravel\\laravel-api\\vendor\\laravel\\framework\\src\\Illuminate\\Database\\Query\\Builder.php(3012): Illuminate\\Database\\Query\\Builder->first(Array)
#8 C:\\Users\\Ikiru\\Desktop\\04-laravel\\laravel-api\\vendor\\laravel\\framework\\src\\Illuminate\\Session\\DatabaseSessionHandler.php(97): Illuminate\\Database\\Query\\Builder->find('rVkogaaMUXeDg1s...')
#9 C:\\Users\\Ikiru\\Desktop\\04-laravel\\laravel-api\\vendor\\laravel\\framework\\src\\Illuminate\\Session\\Store.php(117): Illuminate\\Session\\DatabaseSessionHandler->read('rVkogaaMUXeDg1s...')
#10 C:\\Users\\Ikiru\\Desktop\\04-laravel\\laravel-api\\vendor\\laravel\\framework\\src\\Illuminate\\Session\\Store.php(105): Illuminate\\Session\\Store->readFromHandler()
#11 C:\\Users\\Ikiru\\Desktop\\04-laravel\\laravel-api\\vendor\\laravel\\framework\\src\\Illuminate\\Session\\Store.php(89): Illuminate\\Session\\Store->loadSession()
#12 C:\\Users\\Ikiru\\Desktop\\04-laravel\\laravel-api\\vendor\\laravel\\framework\\src\\Illuminate\\Session\\Middleware\\StartSession.php(147): Illuminate\\Session\\Store->start()
#13 C:\\Users\\Ikiru\\Desktop\\04-laravel\\laravel-api\\vendor\\laravel\\framework\\src\\Illuminate\\Support\\helpers.php(399): Illuminate\\Session\\Middleware\\StartSession->{closure:Illuminate\\Session\\Middleware\\StartSession::startSession():144}(Object(Illuminate\\Session\\Store))
#14 C:\\Users\\Ikiru\\Desktop\\04-laravel\\laravel-api\\vendor\\laravel\\framework\\src\\Illuminate\\Session\\Middleware\\StartSession.php(144): tap(Object(Illuminate\\Session\\Store), Object(Closure))
#15 C:\\Users\\Ikiru\\Desktop\\04-laravel\\laravel-api\\vendor\\laravel\\framework\\src\\Illuminate\\Session\\Middleware\\StartSession.php(116): Illuminate\\Session\\Middleware\\StartSession->startSession(Object(Illuminate\\Http\\Request), Object(Illuminate\\Session\\Store))
#16 C:\\Users\\Ikiru\\Desktop\\04-laravel\\laravel-api\\vendor\\laravel\\framework\\src\\Illuminate\\Session\\Middleware\\StartSession.php(64): Illuminate\\Session\\Middleware\\StartSession->handleStatefulRequest(Object(Illuminate\\Http\\Request), Object(Illuminate\\Session\\Store), Object(Closure))
#17 C:\\Users\\Ikiru\\Desktop\\04-laravel\\laravel-api\\vendor\\laravel\\framework\\src\\Illuminate\\Pipeline\\Pipeline.php(209): Illuminate\\Session\\Middleware\\StartSession->handle(Object(Illuminate\\Http\\Request), Object(Closure))
#18 C:\\Users\\Ikiru\\Desktop\\04-laravel\\laravel-api\\vendor\\laravel\\framework\\src\\Illuminate\\Cookie\\Middleware\\AddQueuedCookiesToResponse.php(37): Illuminate\\Pipeline\\Pipeline->{closure:{closure:Illuminate\\Pipeline\\Pipeline::carry():184}:185}(Object(Illuminate\\Http\\Request))
#19 C:\\Users\\Ikiru\\Desktop\\04-laravel\\laravel-api\\vendor\\laravel\\framework\\src\\Illuminate\\Pipeline\\Pipeline.php(209): Illuminate\\Cookie\\Middleware\\AddQueuedCookiesToResponse->handle(Object(Illuminate\\Http\\Request), Object(Closure))
#20 C:\\Users\\Ikiru\\Desktop\\04-laravel\\laravel-api\\vendor\\laravel\\framework\\src\\Illuminate\\Cookie\\Middleware\\EncryptCookies.php(75): Illuminate\\Pipeline\\Pipeline->{closure:{closure:Illuminate\\Pipeline\\Pipeline::carry():184}:185}(Object(Illuminate\\Http\\Request))
#21 C:\\Users\\Ikiru\\Desktop\\04-laravel\\laravel-api\\vendor\\laravel\\framework\\src\\Illuminate\\Pipeline\\Pipeline.php(209): Illuminate\\Cookie\\Middleware\\EncryptCookies->handle(Object(Illuminate\\Http\\Request), Object(Closure))
#22 C:\\Users\\Ikiru\\Desktop\\04-laravel\\laravel-api\\vendor\\laravel\\framework\\src\\Illuminate\\Pipeline\\Pipeline.php(127): Illuminate\\Pipeline\\Pipeline->{closure:{closure:Illuminate\\Pipeline\\Pipeline::carry():184}:185}(Object(Illuminate\\Http\\Request))
#23 C:\\Users\\Ikiru\\Desktop\\04-laravel\\laravel-api\\vendor\\laravel\\framework\\src\\Illuminate\\Routing\\Router.php(808): Illuminate\\Pipeline\\Pipeline->then(Object(Closure))
#24 C:\\Users\\Ikiru\\Desktop\\04-laravel\\laravel-api\\vendor\\laravel\\framework\\src\\Illuminate\\Routing\\Router.php(787): Illuminate\\Routing\\Router->runRouteWithinStack(Object(Illuminate\\Routing\\Route), Object(Illuminate\\Http\\Request))
#25 C:\\Users\\Ikiru\\Desktop\\04-laravel\\laravel-api\\vendor\\laravel\\framework\\src\\Illuminate\\Routing\\Router.php(751): Illuminate\\Routing\\Router->runRoute(Object(Illuminate\\Http\\Request), Object(Illuminate\\Routing\\Route))
#26 C:\\Users\\Ikiru\\Desktop\\04-laravel\\laravel-api\\vendor\\laravel\\framework\\src\\Illuminate\\Routing\\Router.php(740): Illuminate\\Routing\\Router->dispatchToRoute(Object(Illuminate\\Http\\Request))
#27 C:\\Users\\Ikiru\\Desktop\\04-laravel\\laravel-api\\vendor\\laravel\\framework\\src\\Illuminate\\Foundation\\Http\\Kernel.php(201): Illuminate\\Routing\\Router->dispatch(Object(Illuminate\\Http\\Request))
#28 C:\\Users\\Ikiru\\Desktop\\04-laravel\\laravel-api\\vendor\\laravel\\framework\\src\\Illuminate\\Pipeline\\Pipeline.php(170): Illuminate\\Foundation\\Http\\Kernel->{closure:Illuminate\\Foundation\\Http\\Kernel::dispatchToRouter():198}(Object(Illuminate\\Http\\Request))
#29 C:\\Users\\Ikiru\\Desktop\\04-laravel\\laravel-api\\vendor\\laravel\\framework\\src\\Illuminate\\Foundation\\Http\\Middleware\\TransformsRequest.php(21): Illuminate\\Pipeline\\Pipeline->{closure:Illuminate\\Pipeline\\Pipeline::prepareDestination():168}(Object(Illuminate\\Http\\Request))
#30 C:\\Users\\Ikiru\\Desktop\\04-laravel\\laravel-api\\vendor\\laravel\\framework\\src\\Illuminate\\Foundation\\Http\\Middleware\\ConvertEmptyStringsToNull.php(31): Illuminate\\Foundation\\Http\\Middleware\\TransformsRequest->handle(Object(Illuminate\\Http\\Request), Object(Closure))
#31 C:\\Users\\Ikiru\\Desktop\\04-laravel\\laravel-api\\vendor\\laravel\\framework\\src\\Illuminate\\Pipeline\\Pipeline.php(209): Illuminate\\Foundation\\Http\\Middleware\\ConvertEmptyStringsToNull->handle(Object(Illuminate\\Http\\Request), Object(Closure))
#32 C:\\Users\\Ikiru\\Desktop\\04-laravel\\laravel-api\\vendor\\laravel\\framework\\src\\Illuminate\\Foundation\\Http\\Middleware\\TransformsRequest.php(21): Illuminate\\Pipeline\\Pipeline->{closure:{closure:Illuminate\\Pipeline\\Pipeline::carry():184}:185}(Object(Illuminate\\Http\\Request))
#33 C:\\Users\\Ikiru\\Desktop\\04-laravel\\laravel-api\\vendor\\laravel\\framework\\src\\Illuminate\\Foundation\\Http\\Middleware\\TrimStrings.php(51): Illuminate\\Foundation\\Http\\Middleware\\TransformsRequest->handle(Object(Illuminate\\Http\\Request), Object(Closure))
#34 C:\\Users\\Ikiru\\Desktop\\04-laravel\\laravel-api\\vendor\\laravel\\framework\\src\\Illuminate\\Pipeline\\Pipeline.php(209): Illuminate\\Foundation\\Http\\Middleware\\TrimStrings->handle(Object(Illuminate\\Http\\Request), Object(Closure))
#35 C:\\Users\\Ikiru\\Desktop\\04-laravel\\laravel-api\\vendor\\laravel\\framework\\src\\Illuminate\\Http\\Middleware\\ValidatePostSize.php(27): Illuminate\\Pipeline\\Pipeline->{closure:{closure:Illuminate\\Pipeline\\Pipeline::carry():184}:185}(Object(Illuminate\\Http\\Request))
#36 C:\\Users\\Ikiru\\Desktop\\04-laravel\\laravel-api\\vendor\\laravel\\framework\\src\\Illuminate\\Pipeline\\Pipeline.php(209): Illuminate\\Http\\Middleware\\ValidatePostSize->handle(Object(Illuminate\\Http\\Request), Object(Closure))
#37 C:\\Users\\Ikiru\\Desktop\\04-laravel\\laravel-api\\vendor\\laravel\\framework\\src\\Illuminate\\Foundation\\Http\\Middleware\\PreventRequestsDuringMaintenance.php(110): Illuminate\\Pipeline\\Pipeline->{closure:{closure:Illuminate\\Pipeline\\Pipeline::carry():184}:185}(Object(Illuminate\\Http\\Request))
#38 C:\\Users\\Ikiru\\Desktop\\04-laravel\\laravel-api\\vendor\\laravel\\framework\\src\\Illuminate\\Pipeline\\Pipeline.php(209): Illuminate\\Foundation\\Http\\Middleware\\PreventRequestsDuringMaintenance->handle(Object(Illuminate\\Http\\Request), Object(Closure))
#39 C:\\Users\\Ikiru\\Desktop\\04-laravel\\laravel-api\\vendor\\laravel\\framework\\src\\Illuminate\\Http\\Middleware\\HandleCors.php(62): Illuminate\\Pipeline\\Pipeline->{closure:{closure:Illuminate\\Pipeline\\Pipeline::carry():184}:185}(Object(Illuminate\\Http\\Request))
#40 C:\\Users\\Ikiru\\Desktop\\04-laravel\\laravel-api\\vendor\\laravel\\framework\\src\\Illuminate\\Pipeline\\Pipeline.php(209): Illuminate\\Http\\Middleware\\HandleCors->handle(Object(Illuminate\\Http\\Request), Object(Closure))
#41 C:\\Users\\Ikiru\\Desktop\\04-laravel\\laravel-api\\vendor\\laravel\\framework\\src\\Illuminate\\Http\\Middleware\\TrustProxies.php(58): Illuminate\\Pipeline\\Pipeline->{closure:{closure:Illuminate\\Pipeline\\Pipeline::carry():184}:185}(Object(Illuminate\\Http\\Request))
#42 C:\\Users\\Ikiru\\Desktop\\04-laravel\\laravel-api\\vendor\\laravel\\framework\\src\\Illuminate\\Pipeline\\Pipeline.php(209): Illuminate\\Http\\Middleware\\TrustProxies->handle(Object(Illuminate\\Http\\Request), Object(Closure))
#43 C:\\Users\\Ikiru\\Desktop\\04-laravel\\laravel-api\\vendor\\laravel\\framework\\src\\Illuminate\\Foundation\\Http\\Middleware\\InvokeDeferredCallbacks.php(22): Illuminate\\Pipeline\\Pipeline->{closure:{closure:Illuminate\\Pipeline\\Pipeline::carry():184}:185}(Object(Illuminate\\Http\\Request))
#44 C:\\Users\\Ikiru\\Desktop\\04-laravel\\laravel-api\\vendor\\laravel\\framework\\src\\Illuminate\\Pipeline\\Pipeline.php(209): Illuminate\\Foundation\\Http\\Middleware\\InvokeDeferredCallbacks->handle(Object(Illuminate\\Http\\Request), Object(Closure))
#45 C:\\Users\\Ikiru\\Desktop\\04-laravel\\laravel-api\\vendor\\laravel\\framework\\src\\Illuminate\\Http\\Middleware\\ValidatePathEncoding.php(26): Illuminate\\Pipeline\\Pipeline->{closure:{closure:Illuminate\\Pipeline\\Pipeline::carry():184}:185}(Object(Illuminate\\Http\\Request))
#46 C:\\Users\\Ikiru\\Desktop\\04-laravel\\laravel-api\\vendor\\laravel\\framework\\src\\Illuminate\\Pipeline\\Pipeline.php(209): Illuminate\\Http\\Middleware\\ValidatePathEncoding->handle(Object(Illuminate\\Http\\Request), Object(Closure))
#47 C:\\Users\\Ikiru\\Desktop\\04-laravel\\laravel-api\\vendor\\laravel\\framework\\src\\Illuminate\\Pipeline\\Pipeline.php(127): Illuminate\\Pipeline\\Pipeline->{closure:{closure:Illuminate\\Pipeline\\Pipeline::carry():184}:185}(Object(Illuminate\\Http\\Request))
#48 C:\\Users\\Ikiru\\Desktop\\04-laravel\\laravel-api\\vendor\\laravel\\framework\\src\\Illuminate\\Foundation\\Http\\Kernel.php(176): Illuminate\\Pipeline\\Pipeline->then(Object(Closure))
#49 C:\\Users\\Ikiru\\Desktop\\04-laravel\\laravel-api\\vendor\\laravel\\framework\\src\\Illuminate\\Foundation\\Http\\Kernel.php(145): Illuminate\\Foundation\\Http\\Kernel->sendRequestThroughRouter(Object(Illuminate\\Http\\Request))
#50 C:\\Users\\Ikiru\\Desktop\\04-laravel\\laravel-api\\vendor\\laravel\\framework\\src\\Illuminate\\Foundation\\Application.php(1220): Illuminate\\Foundation\\Http\\Kernel->handle(Object(Illuminate\\Http\\Request))
#51 C:\\Users\\Ikiru\\Desktop\\04-laravel\\laravel-api\\public\\index.php(20): Illuminate\\Foundation\\Application->handleRequest(Object(Illuminate\\Http\\Request))
#52 C:\\Users\\Ikiru\\Desktop\\04-laravel\\laravel-api\\vendor\\laravel\\framework\\src\\Illuminate\\Foundation\\resources\\server.php(23): require_once('C:\\\\Users\\\\Ikiru\\\\...')
#53 {main}

[previous exception] [object] (PDOException(code: 0): could not find driver at C:\\Users\\Ikiru\\Desktop\\04-laravel\\laravel-api\\vendor\\laravel\\framework\\src\\Illuminate\\Database\\Connectors\\Connector.php:67)
[stacktrace]
#0 C:\\Users\\Ikiru\\Desktop\\04-laravel\\laravel-api\\vendor\\laravel\\framework\\src\\Illuminate\\Database\\Connectors\\Connector.php(67): PDO::connect('sqlite:C:\\\\Users...', NULL, Object(SensitiveParameterValue), Array)
#1 C:\\Users\\Ikiru\\Desktop\\04-laravel\\laravel-api\\vendor\\laravel\\framework\\src\\Illuminate\\Database\\Connectors\\Connector.php(44): Illuminate\\Database\\Connectors\\Connector->createPdoConnection('sqlite:C:\\\\Users...', NULL, Object(SensitiveParameterValue), Array)
#2 C:\\Users\\Ikiru\\Desktop\\04-laravel\\laravel-api\\vendor\\laravel\\framework\\src\\Illuminate\\Database\\Connectors\\SQLiteConnector.php(21): Illuminate\\Database\\Connectors\\Connector->createConnection('sqlite:C:\\\\Users...', Array, Array)
#3 C:\\Users\\Ikiru\\Desktop\\04-laravel\\laravel-api\\vendor\\laravel\\framework\\src\\Illuminate\\Database\\Connectors\\ConnectionFactory.php(224): Illuminate\\Database\\Connectors\\SQLiteConnector->connect(Array)
#4 [internal function]: Illuminate\\Database\\Connectors\\ConnectionFactory->{closure:Illuminate\\Database\\Connectors\\ConnectionFactory::createPdoResolverWithoutHosts():224}()
#5 C:\\Users\\Ikiru\\Desktop\\04-laravel\\laravel-api\\vendor\\laravel\\framework\\src\\Illuminate\\Database\\Connection.php(1229): call_user_func(Object(Closure))
#6 C:\\Users\\Ikiru\\Desktop\\04-laravel\\laravel-api\\vendor\\laravel\\framework\\src\\Illuminate\\Database\\Connection.php(510): Illuminate\\Database\\Connection->getPdo()
#7 C:\\Users\\Ikiru\\Desktop\\04-laravel\\laravel-api\\vendor\\laravel\\framework\\src\\Illuminate\\Database\\Connection.php(405): Illuminate\\Database\\Connection->getPdoForSelect(false)
#8 C:\\Users\\Ikiru\\Desktop\\04-laravel\\laravel-api\\vendor\\laravel\\framework\\src\\Illuminate\\Database\\Connection.php(810): Illuminate\\Database\\Connection->{closure:Illuminate\\Database\\Connection::select():396}('select * from \"...', Array)
#9 C:\\Users\\Ikiru\\Desktop\\04-laravel\\laravel-api\\vendor\\laravel\\framework\\src\\Illuminate\\Database\\Connection.php(777): Illuminate\\Database\\Connection->runQueryCallback('select * from \"...', Array, Object(Closure))
#10 C:\\Users\\Ikiru\\Desktop\\04-laravel\\laravel-api\\vendor\\laravel\\framework\\src\\Illuminate\\Database\\Connection.php(396): Illuminate\\Database\\Connection->run('select * from \"...', Array, Object(Closure))
#11 C:\\Users\\Ikiru\\Desktop\\04-laravel\\laravel-api\\vendor\\laravel\\framework\\src\\Illuminate\\Database\\Query\\Builder.php(3105): Illuminate\\Database\\Connection->select('select * from \"...', Array, false)
#12 C:\\Users\\Ikiru\\Desktop\\04-laravel\\laravel-api\\vendor\\laravel\\framework\\src\\Illuminate\\Database\\Query\\Builder.php(3090): Illuminate\\Database\\Query\\Builder->runSelect()
#13 C:\\Users\\Ikiru\\Desktop\\04-laravel\\laravel-api\\vendor\\laravel\\framework\\src\\Illuminate\\Database\\Query\\Builder.php(3677): Illuminate\\Database\\Query\\Builder->{closure:Illuminate\\Database\\Query\\Builder::get():3089}()
#14 C:\\Users\\Ikiru\\Desktop\\04-laravel\\laravel-api\\vendor\\laravel\\framework\\src\\Illuminate\\Database\\Query\\Builder.php(3089): Illuminate\\Database\\Query\\Builder->onceWithColumns(Array, Object(Closure))
#15 C:\\Users\\Ikiru\\Desktop\\04-laravel\\laravel-api\\vendor\\laravel\\framework\\src\\Illuminate\\Database\\Concerns\\BuildsQueries.php(366): Illuminate\\Database\\Query\\Builder->get(Array)
#16 C:\\Users\\Ikiru\\Desktop\\04-laravel\\laravel-api\\vendor\\laravel\\framework\\src\\Illuminate\\Database\\Query\\Builder.php(3012): Illuminate\\Database\\Query\\Builder->first(Array)
#17 C:\\Users\\Ikiru\\Desktop\\04-laravel\\laravel-api\\vendor\\laravel\\framework\\src\\Illuminate\\Session\\DatabaseSessionHandler.php(97): Illuminate\\Database\\Query\\Builder->find('rVkogaaMUXeDg1s...')
#18 C:\\Users\\Ikiru\\Desktop\\04-laravel\\laravel-api\\vendor\\laravel\\framework\\src\\Illuminate\\Session\\Store.php(117): Illuminate\\Session\\DatabaseSessionHandler->read('rVkogaaMUXeDg1s...')
#19 C:\\Users\\Ikiru\\Desktop\\04-laravel\\laravel-api\\vendor\\laravel\\framework\\src\\Illuminate\\Session\\Store.php(105): Illuminate\\Session\\Store->readFromHandler()
#20 C:\\Users\\Ikiru\\Desktop\\04-laravel\\laravel-api\\vendor\\laravel\\framework\\src\\Illuminate\\Session\\Store.php(89): Illuminate\\Session\\Store->loadSession()
#21 C:\\Users\\Ikiru\\Desktop\\04-laravel\\laravel-api\\vendor\\laravel\\framework\\src\\Illuminate\\Session\\Middleware\\StartSession.php(147): Illuminate\\Session\\Store->start()
#22 C:\\Users\\Ikiru\\Desktop\\04-laravel\\laravel-api\\vendor\\laravel\\framework\\src\\Illuminate\\Support\\helpers.php(399): Illuminate\\Session\\Middleware\\StartSession->{closure:Illuminate\\Session\\Middleware\\StartSession::startSession():144}(Object(Illuminate\\Session\\Store))
#23 C:\\Users\\Ikiru\\Desktop\\04-laravel\\laravel-api\\vendor\\laravel\\framework\\src\\Illuminate\\Session\\Middleware\\StartSession.php(144): tap(Object(Illuminate\\Session\\Store), Object(Closure))
#24 C:\\Users\\Ikiru\\Desktop\\04-laravel\\laravel-api\\vendor\\laravel\\framework\\src\\Illuminate\\Session\\Middleware\\StartSession.php(116): Illuminate\\Session\\Middleware\\StartSession->startSession(Object(Illuminate\\Http\\Request), Object(Illuminate\\Session\\Store))
#25 C:\\Users\\Ikiru\\Desktop\\04-laravel\\laravel-api\\vendor\\laravel\\framework\\src\\Illuminate\\Session\\Middleware\\StartSession.php(64): Illuminate\\Session\\Middleware\\StartSession->handleStatefulRequest(Object(Illuminate\\Http\\Request), Object(Illuminate\\Session\\Store), Object(Closure))
#26 C:\\Users\\Ikiru\\Desktop\\04-laravel\\laravel-api\\vendor\\laravel\\framework\\src\\Illuminate\\Pipeline\\Pipeline.php(209): Illuminate\\Session\\Middleware\\StartSession->handle(Object(Illuminate\\Http\\Request), Object(Closure))
#27 C:\\Users\\Ikiru\\Desktop\\04-laravel\\laravel-api\\vendor\\laravel\\framework\\src\\Illuminate\\Cookie\\Middleware\\AddQueuedCookiesToResponse.php(37): Illuminate\\Pipeline\\Pipeline->{closure:{closure:Illuminate\\Pipeline\\Pipeline::carry():184}:185}(Object(Illuminate\\Http\\Request))
#28 C:\\Users\\Ikiru\\Desktop\\04-laravel\\laravel-api\\vendor\\laravel\\framework\\src\\Illuminate\\Pipeline\\Pipeline.php(209): Illuminate\\Cookie\\Middleware\\AddQueuedCookiesToResponse->handle(Object(Illuminate\\Http\\Request), Object(Closure))
#29 C:\\Users\\Ikiru\\Desktop\\04-laravel\\laravel-api\\vendor\\laravel\\framework\\src\\Illuminate\\Cookie\\Middleware\\EncryptCookies.php(75): Illuminate\\Pipeline\\Pipeline->{closure:{closure:Illuminate\\Pipeline\\Pipeline::carry():184}:185}(Object(Illuminate\\Http\\Request))
#30 C:\\Users\\Ikiru\\Desktop\\04-laravel\\laravel-api\\vendor\\laravel\\framework\\src\\Illuminate\\Pipeline\\Pipeline.php(209): Illuminate\\Cookie\\Middleware\\EncryptCookies->handle(Object(Illuminate\\Http\\Request), Object(Closure))
#31 C:\\Users\\Ikiru\\Desktop\\04-laravel\\laravel-api\\vendor\\laravel\\framework\\src\\Illuminate\\Pipeline\\Pipeline.php(127): Illuminate\\Pipeline\\Pipeline->{closure:{closure:Illuminate\\Pipeline\\Pipeline::carry():184}:185}(Object(Illuminate\\Http\\Request))
#32 C:\\Users\\Ikiru\\Desktop\\04-laravel\\laravel-api\\vendor\\laravel\\framework\\src\\Illuminate\\Routing\\Router.php(808): Illuminate\\Pipeline\\Pipeline->then(Object(Closure))
#33 C:\\Users\\Ikiru\\Desktop\\04-laravel\\laravel-api\\vendor\\laravel\\framework\\src\\Illuminate\\Routing\\Router.php(787): Illuminate\\Routing\\Router->runRouteWithinStack(Object(Illuminate\\Routing\\Route), Object(Illuminate\\Http\\Request))
#34 C:\\Users\\Ikiru\\Desktop\\04-laravel\\laravel-api\\vendor\\laravel\\framework\\src\\Illuminate\\Routing\\Router.php(751): Illuminate\\Routing\\Router->runRoute(Object(Illuminate\\Http\\Request), Object(Illuminate\\Routing\\Route))
#35 C:\\Users\\Ikiru\\Desktop\\04-laravel\\laravel-api\\vendor\\laravel\\framework\\src\\Illuminate\\Routing\\Router.php(740): Illuminate\\Routing\\Router->dispatchToRoute(Object(Illuminate\\Http\\Request))
#36 C:\\Users\\Ikiru\\Desktop\\04-laravel\\laravel-api\\vendor\\laravel\\framework\\src\\Illuminate\\Foundation\\Http\\Kernel.php(201): Illuminate\\Routing\\Router->dispatch(Object(Illuminate\\Http\\Request))
#37 C:\\Users\\Ikiru\\Desktop\\04-laravel\\laravel-api\\vendor\\laravel\\framework\\src\\Illuminate\\Pipeline\\Pipeline.php(170): Illuminate\\Foundation\\Http\\Kernel->{closure:Illuminate\\Foundation\\Http\\Kernel::dispatchToRouter():198}(Object(Illuminate\\Http\\Request))
#38 C:\\Users\\Ikiru\\Desktop\\04-laravel\\laravel-api\\vendor\\laravel\\framework\\src\\Illuminate\\Foundation\\Http\\Middleware\\TransformsRequest.php(21): Illuminate\\Pipeline\\Pipeline->{closure:Illuminate\\Pipeline\\Pipeline::prepareDestination():168}(Object(Illuminate\\Http\\Request))
#39 C:\\Users\\Ikiru\\Desktop\\04-laravel\\laravel-api\\vendor\\laravel\\framework\\src\\Illuminate\\Foundation\\Http\\Middleware\\ConvertEmptyStringsToNull.php(31): Illuminate\\Foundation\\Http\\Middleware\\TransformsRequest->handle(Object(Illuminate\\Http\\Request), Object(Closure))
#40 C:\\Users\\Ikiru\\Desktop\\04-laravel\\laravel-api\\vendor\\laravel\\framework\\src\\Illuminate\\Pipeline\\Pipeline.php(209): Illuminate\\Foundation\\Http\\Middleware\\ConvertEmptyStringsToNull->handle(Object(Illuminate\\Http\\Request), Object(Closure))
#41 C:\\Users\\Ikiru\\Desktop\\04-laravel\\laravel-api\\vendor\\laravel\\framework\\src\\Illuminate\\Foundation\\Http\\Middleware\\TransformsRequest.php(21): Illuminate\\Pipeline\\Pipeline->{closure:{closure:Illuminate\\Pipeline\\Pipeline::carry():184}:185}(Object(Illuminate\\Http\\Request))
#42 C:\\Users\\Ikiru\\Desktop\\04-laravel\\laravel-api\\vendor\\laravel\\framework\\src\\Illuminate\\Foundation\\Http\\Middleware\\TrimStrings.php(51): Illuminate\\Foundation\\Http\\Middleware\\TransformsRequest->handle(Object(Illuminate\\Http\\Request), Object(Closure))
#43 C:\\Users\\Ikiru\\Desktop\\04-laravel\\laravel-api\\vendor\\laravel\\framework\\src\\Illuminate\\Pipeline\\Pipeline.php(209): Illuminate\\Foundation\\Http\\Middleware\\TrimStrings->handle(Object(Illuminate\\Http\\Request), Object(Closure))
#44 C:\\Users\\Ikiru\\Desktop\\04-laravel\\laravel-api\\vendor\\laravel\\framework\\src\\Illuminate\\Http\\Middleware\\ValidatePostSize.php(27): Illuminate\\Pipeline\\Pipeline->{closure:{closure:Illuminate\\Pipeline\\Pipeline::carry():184}:185}(Object(Illuminate\\Http\\Request))
#45 C:\\Users\\Ikiru\\Desktop\\04-laravel\\laravel-api\\vendor\\laravel\\framework\\src\\Illuminate\\Pipeline\\Pipeline.php(209): Illuminate\\Http\\Middleware\\ValidatePostSize->handle(Object(Illuminate\\Http\\Request), Object(Closure))
#46 C:\\Users\\Ikiru\\Desktop\\04-laravel\\laravel-api\\vendor\\laravel\\framework\\src\\Illuminate\\Foundation\\Http\\Middleware\\PreventRequestsDuringMaintenance.php(110): Illuminate\\Pipeline\\Pipeline->{closure:{closure:Illuminate\\Pipeline\\Pipeline::carry():184}:185}(Object(Illuminate\\Http\\Request))
#47 C:\\Users\\Ikiru\\Desktop\\04-laravel\\laravel-api\\vendor\\laravel\\framework\\src\\Illuminate\\Pipeline\\Pipeline.php(209): Illuminate\\Foundation\\Http\\Middleware\\PreventRequestsDuringMaintenance->handle(Object(Illuminate\\Http\\Request), Object(Closure))
#48 C:\\Users\\Ikiru\\Desktop\\04-laravel\\laravel-api\\vendor\\laravel\\framework\\src\\Illuminate\\Http\\Middleware\\HandleCors.php(62): Illuminate\\Pipeline\\Pipeline->{closure:{closure:Illuminate\\Pipeline\\Pipeline::carry():184}:185}(Object(Illuminate\\Http\\Request))
#49 C:\\Users\\Ikiru\\Desktop\\04-laravel\\laravel-api\\vendor\\laravel\\framework\\src\\Illuminate\\Pipeline\\Pipeline.php(209): Illuminate\\Http\\Middleware\\HandleCors->handle(Object(Illuminate\\Http\\Request), Object(Closure))
#50 C:\\Users\\Ikiru\\Desktop\\04-laravel\\laravel-api\\vendor\\laravel\\framework\\src\\Illuminate\\Http\\Middleware\\TrustProxies.php(58): Illuminate\\Pipeline\\Pipeline->{closure:{closure:Illuminate\\Pipeline\\Pipeline::carry():184}:185}(Object(Illuminate\\Http\\Request))
#51 C:\\Users\\Ikiru\\Desktop\\04-laravel\\laravel-api\\vendor\\laravel\\framework\\src\\Illuminate\\Pipeline\\Pipeline.php(209): Illuminate\\Http\\Middleware\\TrustProxies->handle(Object(Illuminate\\Http\\Request), Object(Closure))
#52 C:\\Users\\Ikiru\\Desktop\\04-laravel\\laravel-api\\vendor\\laravel\\framework\\src\\Illuminate\\Foundation\\Http\\Middleware\\InvokeDeferredCallbacks.php(22): Illuminate\\Pipeline\\Pipeline->{closure:{closure:Illuminate\\Pipeline\\Pipeline::carry():184}:185}(Object(Illuminate\\Http\\Request))
#53 C:\\Users\\Ikiru\\Desktop\\04-laravel\\laravel-api\\vendor\\laravel\\framework\\src\\Illuminate\\Pipeline\\Pipeline.php(209): Illuminate\\Foundation\\Http\\Middleware\\InvokeDeferredCallbacks->handle(Object(Illuminate\\Http\\Request), Object(Closure))
#54 C:\\Users\\Ikiru\\Desktop\\04-laravel\\laravel-api\\vendor\\laravel\\framework\\src\\Illuminate\\Http\\Middleware\\ValidatePathEncoding.php(26): Illuminate\\Pipeline\\Pipeline->{closure:{closure:Illuminate\\Pipeline\\Pipeline::carry():184}:185}(Object(Illuminate\\Http\\Request))
#55 C:\\Users\\Ikiru\\Desktop\\04-laravel\\laravel-api\\vendor\\laravel\\framework\\src\\Illuminate\\Pipeline\\Pipeline.php(209): Illuminate\\Http\\Middleware\\ValidatePathEncoding->handle(Object(Illuminate\\Http\\Request), Object(Closure))
#56 C:\\Users\\Ikiru\\Desktop\\04-laravel\\laravel-api\\vendor\\laravel\\framework\\src\\Illuminate\\Pipeline\\Pipeline.php(127): Illuminate\\Pipeline\\Pipeline->{closure:{closure:Illuminate\\Pipeline\\Pipeline::carry():184}:185}(Object(Illuminate\\Http\\Request))
#57 C:\\Users\\Ikiru\\Desktop\\04-laravel\\laravel-api\\vendor\\laravel\\framework\\src\\Illuminate\\Foundation\\Http\\Kernel.php(176): Illuminate\\Pipeline\\Pipeline->then(Object(Closure))
#58 C:\\Users\\Ikiru\\Desktop\\04-laravel\\laravel-api\\vendor\\laravel\\framework\\src\\Illuminate\\Foundation\\Http\\Kernel.php(145): Illuminate\\Foundation\\Http\\Kernel->sendRequestThroughRouter(Object(Illuminate\\Http\\Request))
#59 C:\\Users\\Ikiru\\Desktop\\04-laravel\\laravel-api\\vendor\\laravel\\framework\\src\\Illuminate\\Foundation\\Application.php(1220): Illuminate\\Foundation\\Http\\Kernel->handle(Object(Illuminate\\Http\\Request))
#60 C:\\Users\\Ikiru\\Desktop\\04-laravel\\laravel-api\\public\\index.php(20): Illuminate\\Foundation\\Application->handleRequest(Object(Illuminate\\Http\\Request))
#61 C:\\Users\\Ikiru\\Desktop\\04-laravel\\laravel-api\\vendor\\laravel\\framework\\src\\Illuminate\\Foundation\\resources\\server.php(23): require_once('C:\\\\Users\\\\Ikiru\\\\...')
#62 {main}
"} 
[2025-03-25 15:19:26] local.ERROR: SQLSTATE[23000]: Integrity constraint violation: 19 UNIQUE constraint failed: users.email (Connection: sqlite, SQL: insert into "users" ("name", "email", "email_verified_at", "password", "remember_token", "updated_at", "created_at") values (Test User, test@example.com, 2025-03-25 15:19:26, $2y$12$P21o3S6arFEcImI8OnW3Y.ZqRO.e8xfvCxbP8dZeyQqeun86GVcJu, G3wsOVoVpU, 2025-03-25 15:19:26, 2025-03-25 15:19:26)) {"exception":"[object] (Illuminate\\Database\\UniqueConstraintViolationException(code: 23000): SQLSTATE[23000]: Integrity constraint violation: 19 UNIQUE constraint failed: users.email (Connection: sqlite, SQL: insert into \"users\" (\"name\", \"email\", \"email_verified_at\", \"password\", \"remember_token\", \"updated_at\", \"created_at\") values (Test User, test@example.com, 2025-03-25 15:19:26, $2y$12$P21o3S6arFEcImI8OnW3Y.ZqRO.e8xfvCxbP8dZeyQqeun86GVcJu, G3wsOVoVpU, 2025-03-25 15:19:26, 2025-03-25 15:19:26)) at C:\\Users\\Ikiru\\Desktop\\04-laravel\\laravel-api\\vendor\\laravel\\framework\\src\\Illuminate\\Database\\Connection.php:818)
[stacktrace]
#0 C:\\Users\\Ikiru\\Desktop\\04-laravel\\laravel-api\\vendor\\laravel\\framework\\src\\Illuminate\\Database\\Connection.php(777): Illuminate\\Database\\Connection->runQueryCallback('insert into \"us...', Array, Object(Closure))
#1 C:\\Users\\Ikiru\\Desktop\\04-laravel\\laravel-api\\vendor\\laravel\\framework\\src\\Illuminate\\Database\\Connection.php(558): Illuminate\\Database\\Connection->run('insert into \"us...', Array, Object(Closure))
#2 C:\\Users\\Ikiru\\Desktop\\04-laravel\\laravel-api\\vendor\\laravel\\framework\\src\\Illuminate\\Database\\Connection.php(522): Illuminate\\Database\\Connection->statement('insert into \"us...', Array)
#3 C:\\Users\\Ikiru\\Desktop\\04-laravel\\laravel-api\\vendor\\laravel\\framework\\src\\Illuminate\\Database\\Query\\Processors\\Processor.php(32): Illuminate\\Database\\Connection->insert('insert into \"us...', Array)
#4 C:\\Users\\Ikiru\\Desktop\\04-laravel\\laravel-api\\vendor\\laravel\\framework\\src\\Illuminate\\Database\\Query\\Builder.php(3767): Illuminate\\Database\\Query\\Processors\\Processor->processInsertGetId(Object(Illuminate\\Database\\Query\\Builder), 'insert into \"us...', Array, 'id')
#5 C:\\Users\\Ikiru\\Desktop\\04-laravel\\laravel-api\\vendor\\laravel\\framework\\src\\Illuminate\\Database\\Eloquent\\Builder.php(2141): Illuminate\\Database\\Query\\Builder->insertGetId(Array, 'id')
#6 C:\\Users\\Ikiru\\Desktop\\04-laravel\\laravel-api\\vendor\\laravel\\framework\\src\\Illuminate\\Database\\Eloquent\\Model.php(1360): Illuminate\\Database\\Eloquent\\Builder->__call('insertGetId', Array)
#7 C:\\Users\\Ikiru\\Desktop\\04-laravel\\laravel-api\\vendor\\laravel\\framework\\src\\Illuminate\\Database\\Eloquent\\Model.php(1325): Illuminate\\Database\\Eloquent\\Model->insertAndSetId(Object(Illuminate\\Database\\Eloquent\\Builder), Array)
#8 C:\\Users\\Ikiru\\Desktop\\04-laravel\\laravel-api\\vendor\\laravel\\framework\\src\\Illuminate\\Database\\Eloquent\\Model.php(1164): Illuminate\\Database\\Eloquent\\Model->performInsert(Object(Illuminate\\Database\\Eloquent\\Builder))
#9 C:\\Users\\Ikiru\\Desktop\\04-laravel\\laravel-api\\vendor\\laravel\\framework\\src\\Illuminate\\Database\\Eloquent\\Factories\\Factory.php(352): Illuminate\\Database\\Eloquent\\Model->save()
#10 C:\\Users\\Ikiru\\Desktop\\04-laravel\\laravel-api\\vendor\\laravel\\framework\\src\\Illuminate\\Collections\\Traits\\EnumeratesValues.php(261): Illuminate\\Database\\Eloquent\\Factories\\Factory->{closure:Illuminate\\Database\\Eloquent\\Factories\\Factory::store():347}(Object(App\\Models\\User), 0)
#11 C:\\Users\\Ikiru\\Desktop\\04-laravel\\laravel-api\\vendor\\laravel\\framework\\src\\Illuminate\\Database\\Eloquent\\Factories\\Factory.php(347): Illuminate\\Support\\Collection->each(Object(Closure))
#12 C:\\Users\\Ikiru\\Desktop\\04-laravel\\laravel-api\\vendor\\laravel\\framework\\src\\Illuminate\\Database\\Eloquent\\Factories\\Factory.php(303): Illuminate\\Database\\Eloquent\\Factories\\Factory->store(Object(Illuminate\\Support\\Collection))
#13 C:\\Users\\Ikiru\\Desktop\\04-laravel\\laravel-api\\vendor\\laravel\\framework\\src\\Illuminate\\Database\\Eloquent\\Factories\\Factory.php(297): Illuminate\\Database\\Eloquent\\Factories\\Factory->create(Array, NULL)
#14 C:\\Users\\Ikiru\\Desktop\\04-laravel\\laravel-api\\database\\seeders\\DatabaseSeeder.php(18): Illuminate\\Database\\Eloquent\\Factories\\Factory->create(Array)
#15 C:\\Users\\Ikiru\\Desktop\\04-laravel\\laravel-api\\vendor\\laravel\\framework\\src\\Illuminate\\Container\\BoundMethod.php(36): Database\\Seeders\\DatabaseSeeder->run()
#16 C:\\Users\\Ikiru\\Desktop\\04-laravel\\laravel-api\\vendor\\laravel\\framework\\src\\Illuminate\\Container\\Util.php(43): Illuminate\\Container\\BoundMethod::{closure:Illuminate\\Container\\BoundMethod::call():35}()
#17 C:\\Users\\Ikiru\\Desktop\\04-laravel\\laravel-api\\vendor\\laravel\\framework\\src\\Illuminate\\Container\\BoundMethod.php(96): Illuminate\\Container\\Util::unwrapIfClosure(Object(Closure))
#18 C:\\Users\\Ikiru\\Desktop\\04-laravel\\laravel-api\\vendor\\laravel\\framework\\src\\Illuminate\\Container\\BoundMethod.php(35): Illuminate\\Container\\BoundMethod::callBoundMethod(Object(Illuminate\\Foundation\\Application), Array, Object(Closure))
#19 C:\\Users\\Ikiru\\Desktop\\04-laravel\\laravel-api\\vendor\\laravel\\framework\\src\\Illuminate\\Container\\Container.php(754): Illuminate\\Container\\BoundMethod::call(Object(Illuminate\\Foundation\\Application), Array, Array, NULL)
#20 C:\\Users\\Ikiru\\Desktop\\04-laravel\\laravel-api\\vendor\\laravel\\framework\\src\\Illuminate\\Database\\Seeder.php(188): Illuminate\\Container\\Container->call(Array, Array)
#21 C:\\Users\\Ikiru\\Desktop\\04-laravel\\laravel-api\\vendor\\laravel\\framework\\src\\Illuminate\\Database\\Seeder.php(197): Illuminate\\Database\\Seeder->{closure:Illuminate\\Database\\Seeder::__invoke():187}()
#22 C:\\Users\\Ikiru\\Desktop\\04-laravel\\laravel-api\\vendor\\laravel\\framework\\src\\Illuminate\\Database\\Console\\Seeds\\SeedCommand.php(70): Illuminate\\Database\\Seeder->__invoke()
#23 C:\\Users\\Ikiru\\Desktop\\04-laravel\\laravel-api\\vendor\\laravel\\framework\\src\\Illuminate\\Database\\Eloquent\\Concerns\\GuardsAttributes.php(155): Illuminate\\Database\\Console\\Seeds\\SeedCommand->{closure:Illuminate\\Database\\Console\\Seeds\\SeedCommand::handle():69}()
#24 C:\\Users\\Ikiru\\Desktop\\04-laravel\\laravel-api\\vendor\\laravel\\framework\\src\\Illuminate\\Database\\Console\\Seeds\\SeedCommand.php(69): Illuminate\\Database\\Eloquent\\Model::unguarded(Object(Closure))
#25 C:\\Users\\Ikiru\\Desktop\\04-laravel\\laravel-api\\vendor\\laravel\\framework\\src\\Illuminate\\Container\\BoundMethod.php(36): Illuminate\\Database\\Console\\Seeds\\SeedCommand->handle()
#26 C:\\Users\\Ikiru\\Desktop\\04-laravel\\laravel-api\\vendor\\laravel\\framework\\src\\Illuminate\\Container\\Util.php(43): Illuminate\\Container\\BoundMethod::{closure:Illuminate\\Container\\BoundMethod::call():35}()
#27 C:\\Users\\Ikiru\\Desktop\\04-laravel\\laravel-api\\vendor\\laravel\\framework\\src\\Illuminate\\Container\\BoundMethod.php(96): Illuminate\\Container\\Util::unwrapIfClosure(Object(Closure))
#28 C:\\Users\\Ikiru\\Desktop\\04-laravel\\laravel-api\\vendor\\laravel\\framework\\src\\Illuminate\\Container\\BoundMethod.php(35): Illuminate\\Container\\BoundMethod::callBoundMethod(Object(Illuminate\\Foundation\\Application), Array, Object(Closure))
#29 C:\\Users\\Ikiru\\Desktop\\04-laravel\\laravel-api\\vendor\\laravel\\framework\\src\\Illuminate\\Container\\Container.php(754): Illuminate\\Container\\BoundMethod::call(Object(Illuminate\\Foundation\\Application), Array, Array, NULL)
#30 C:\\Users\\Ikiru\\Desktop\\04-laravel\\laravel-api\\vendor\\laravel\\framework\\src\\Illuminate\\Console\\Command.php(213): Illuminate\\Container\\Container->call(Array)
#31 C:\\Users\\Ikiru\\Desktop\\04-laravel\\laravel-api\\vendor\\symfony\\console\\Command\\Command.php(279): Illuminate\\Console\\Command->execute(Object(Symfony\\Component\\Console\\Input\\ArrayInput), Object(Illuminate\\Console\\OutputStyle))
#32 C:\\Users\\Ikiru\\Desktop\\04-laravel\\laravel-api\\vendor\\laravel\\framework\\src\\Illuminate\\Console\\Command.php(182): Symfony\\Component\\Console\\Command\\Command->run(Object(Symfony\\Component\\Console\\Input\\ArrayInput), Object(Illuminate\\Console\\OutputStyle))
#33 C:\\Users\\Ikiru\\Desktop\\04-laravel\\laravel-api\\vendor\\laravel\\framework\\src\\Illuminate\\Console\\Concerns\\CallsCommands.php(68): Illuminate\\Console\\Command->run(Object(Symfony\\Component\\Console\\Input\\ArrayInput), Object(Illuminate\\Console\\OutputStyle))
#34 C:\\Users\\Ikiru\\Desktop\\04-laravel\\laravel-api\\vendor\\laravel\\framework\\src\\Illuminate\\Console\\Concerns\\CallsCommands.php(29): Illuminate\\Console\\Command->runCommand('db:seed', Array, Object(Illuminate\\Console\\OutputStyle))
#35 C:\\Users\\Ikiru\\Desktop\\04-laravel\\laravel-api\\vendor\\laravel\\framework\\src\\Illuminate\\Database\\Console\\Migrations\\MigrateCommand.php(126): Illuminate\\Console\\Command->call('db:seed', Array)
#36 C:\\Users\\Ikiru\\Desktop\\04-laravel\\laravel-api\\vendor\\laravel\\framework\\src\\Illuminate\\Database\\Migrations\\Migrator.php(658): Illuminate\\Database\\Console\\Migrations\\MigrateCommand->{closure:Illuminate\\Database\\Console\\Migrations\\MigrateCommand::runMigrations():110}()
#37 C:\\Users\\Ikiru\\Desktop\\04-laravel\\laravel-api\\vendor\\laravel\\framework\\src\\Illuminate\\Database\\Console\\Migrations\\MigrateCommand.php(110): Illuminate\\Database\\Migrations\\Migrator->usingConnection(NULL, Object(Closure))
#38 C:\\Users\\Ikiru\\Desktop\\04-laravel\\laravel-api\\vendor\\laravel\\framework\\src\\Illuminate\\Database\\Console\\Migrations\\MigrateCommand.php(89): Illuminate\\Database\\Console\\Migrations\\MigrateCommand->runMigrations()
#39 C:\\Users\\Ikiru\\Desktop\\04-laravel\\laravel-api\\vendor\\laravel\\framework\\src\\Illuminate\\Container\\BoundMethod.php(36): Illuminate\\Database\\Console\\Migrations\\MigrateCommand->handle()
#40 C:\\Users\\Ikiru\\Desktop\\04-laravel\\laravel-api\\vendor\\laravel\\framework\\src\\Illuminate\\Container\\Util.php(43): Illuminate\\Container\\BoundMethod::{closure:Illuminate\\Container\\BoundMethod::call():35}()
#41 C:\\Users\\Ikiru\\Desktop\\04-laravel\\laravel-api\\vendor\\laravel\\framework\\src\\Illuminate\\Container\\BoundMethod.php(96): Illuminate\\Container\\Util::unwrapIfClosure(Object(Closure))
#42 C:\\Users\\Ikiru\\Desktop\\04-laravel\\laravel-api\\vendor\\laravel\\framework\\src\\Illuminate\\Container\\BoundMethod.php(35): Illuminate\\Container\\BoundMethod::callBoundMethod(Object(Illuminate\\Foundation\\Application), Array, Object(Closure))
#43 C:\\Users\\Ikiru\\Desktop\\04-laravel\\laravel-api\\vendor\\laravel\\framework\\src\\Illuminate\\Container\\Container.php(754): Illuminate\\Container\\BoundMethod::call(Object(Illuminate\\Foundation\\Application), Array, Array, NULL)
#44 C:\\Users\\Ikiru\\Desktop\\04-laravel\\laravel-api\\vendor\\laravel\\framework\\src\\Illuminate\\Console\\Command.php(213): Illuminate\\Container\\Container->call(Array)
#45 C:\\Users\\Ikiru\\Desktop\\04-laravel\\laravel-api\\vendor\\symfony\\console\\Command\\Command.php(279): Illuminate\\Console\\Command->execute(Object(Symfony\\Component\\Console\\Input\\ArgvInput), Object(Illuminate\\Console\\OutputStyle))
#46 C:\\Users\\Ikiru\\Desktop\\04-laravel\\laravel-api\\vendor\\laravel\\framework\\src\\Illuminate\\Console\\Command.php(182): Symfony\\Component\\Console\\Command\\Command->run(Object(Symfony\\Component\\Console\\Input\\ArgvInput), Object(Illuminate\\Console\\OutputStyle))
#47 C:\\Users\\Ikiru\\Desktop\\04-laravel\\laravel-api\\vendor\\symfony\\console\\Application.php(1094): Illuminate\\Console\\Command->run(Object(Symfony\\Component\\Console\\Input\\ArgvInput), Object(Symfony\\Component\\Console\\Output\\ConsoleOutput))
#48 C:\\Users\\Ikiru\\Desktop\\04-laravel\\laravel-api\\vendor\\symfony\\console\\Application.php(342): Symfony\\Component\\Console\\Application->doRunCommand(Object(Illuminate\\Database\\Console\\Migrations\\MigrateCommand), Object(Symfony\\Component\\Console\\Input\\ArgvInput), Object(Symfony\\Component\\Console\\Output\\ConsoleOutput))
#49 C:\\Users\\Ikiru\\Desktop\\04-laravel\\laravel-api\\vendor\\symfony\\console\\Application.php(193): Symfony\\Component\\Console\\Application->doRun(Object(Symfony\\Component\\Console\\Input\\ArgvInput), Object(Symfony\\Component\\Console\\Output\\ConsoleOutput))
#50 C:\\Users\\Ikiru\\Desktop\\04-laravel\\laravel-api\\vendor\\laravel\\framework\\src\\Illuminate\\Foundation\\Console\\Kernel.php(198): Symfony\\Component\\Console\\Application->run(Object(Symfony\\Component\\Console\\Input\\ArgvInput), Object(Symfony\\Component\\Console\\Output\\ConsoleOutput))
#51 C:\\Users\\Ikiru\\Desktop\\04-laravel\\laravel-api\\vendor\\laravel\\framework\\src\\Illuminate\\Foundation\\Application.php(1235): Illuminate\\Foundation\\Console\\Kernel->handle(Object(Symfony\\Component\\Console\\Input\\ArgvInput), Object(Symfony\\Component\\Console\\Output\\ConsoleOutput))
#52 C:\\Users\\Ikiru\\Desktop\\04-laravel\\laravel-api\\artisan(16): Illuminate\\Foundation\\Application->handleCommand(Object(Symfony\\Component\\Console\\Input\\ArgvInput))
#53 {main}

[previous exception] [object] (PDOException(code: 23000): SQLSTATE[23000]: Integrity constraint violation: 19 UNIQUE constraint failed: users.email at C:\\Users\\Ikiru\\Desktop\\04-laravel\\laravel-api\\vendor\\laravel\\framework\\src\\Illuminate\\Database\\Connection.php:569)
[stacktrace]
#0 C:\\Users\\Ikiru\\Desktop\\04-laravel\\laravel-api\\vendor\\laravel\\framework\\src\\Illuminate\\Database\\Connection.php(569): PDOStatement->execute()
#1 C:\\Users\\Ikiru\\Desktop\\04-laravel\\laravel-api\\vendor\\laravel\\framework\\src\\Illuminate\\Database\\Connection.php(810): Illuminate\\Database\\Connection->{closure:Illuminate\\Database\\Connection::statement():558}('insert into \"us...', Array)
#2 C:\\Users\\Ikiru\\Desktop\\04-laravel\\laravel-api\\vendor\\laravel\\framework\\src\\Illuminate\\Database\\Connection.php(777): Illuminate\\Database\\Connection->runQueryCallback('insert into \"us...', Array, Object(Closure))
#3 C:\\Users\\Ikiru\\Desktop\\04-laravel\\laravel-api\\vendor\\laravel\\framework\\src\\Illuminate\\Database\\Connection.php(558): Illuminate\\Database\\Connection->run('insert into \"us...', Array, Object(Closure))
#4 C:\\Users\\Ikiru\\Desktop\\04-laravel\\laravel-api\\vendor\\laravel\\framework\\src\\Illuminate\\Database\\Connection.php(522): Illuminate\\Database\\Connection->statement('insert into \"us...', Array)
#5 C:\\Users\\Ikiru\\Desktop\\04-laravel\\laravel-api\\vendor\\laravel\\framework\\src\\Illuminate\\Database\\Query\\Processors\\Processor.php(32): Illuminate\\Database\\Connection->insert('insert into \"us...', Array)
#6 C:\\Users\\Ikiru\\Desktop\\04-laravel\\laravel-api\\vendor\\laravel\\framework\\src\\Illuminate\\Database\\Query\\Builder.php(3767): Illuminate\\Database\\Query\\Processors\\Processor->processInsertGetId(Object(Illuminate\\Database\\Query\\Builder), 'insert into \"us...', Array, 'id')
#7 C:\\Users\\Ikiru\\Desktop\\04-laravel\\laravel-api\\vendor\\laravel\\framework\\src\\Illuminate\\Database\\Eloquent\\Builder.php(2141): Illuminate\\Database\\Query\\Builder->insertGetId(Array, 'id')
#8 C:\\Users\\Ikiru\\Desktop\\04-laravel\\laravel-api\\vendor\\laravel\\framework\\src\\Illuminate\\Database\\Eloquent\\Model.php(1360): Illuminate\\Database\\Eloquent\\Builder->__call('insertGetId', Array)
#9 C:\\Users\\Ikiru\\Desktop\\04-laravel\\laravel-api\\vendor\\laravel\\framework\\src\\Illuminate\\Database\\Eloquent\\Model.php(1325): Illuminate\\Database\\Eloquent\\Model->insertAndSetId(Object(Illuminate\\Database\\Eloquent\\Builder), Array)
#10 C:\\Users\\Ikiru\\Desktop\\04-laravel\\laravel-api\\vendor\\laravel\\framework\\src\\Illuminate\\Database\\Eloquent\\Model.php(1164): Illuminate\\Database\\Eloquent\\Model->performInsert(Object(Illuminate\\Database\\Eloquent\\Builder))
#11 C:\\Users\\Ikiru\\Desktop\\04-laravel\\laravel-api\\vendor\\laravel\\framework\\src\\Illuminate\\Database\\Eloquent\\Factories\\Factory.php(352): Illuminate\\Database\\Eloquent\\Model->save()
#12 C:\\Users\\Ikiru\\Desktop\\04-laravel\\laravel-api\\vendor\\laravel\\framework\\src\\Illuminate\\Collections\\Traits\\EnumeratesValues.php(261): Illuminate\\Database\\Eloquent\\Factories\\Factory->{closure:Illuminate\\Database\\Eloquent\\Factories\\Factory::store():347}(Object(App\\Models\\User), 0)
#13 C:\\Users\\Ikiru\\Desktop\\04-laravel\\laravel-api\\vendor\\laravel\\framework\\src\\Illuminate\\Database\\Eloquent\\Factories\\Factory.php(347): Illuminate\\Support\\Collection->each(Object(Closure))
#14 C:\\Users\\Ikiru\\Desktop\\04-laravel\\laravel-api\\vendor\\laravel\\framework\\src\\Illuminate\\Database\\Eloquent\\Factories\\Factory.php(303): Illuminate\\Database\\Eloquent\\Factories\\Factory->store(Object(Illuminate\\Support\\Collection))
#15 C:\\Users\\Ikiru\\Desktop\\04-laravel\\laravel-api\\vendor\\laravel\\framework\\src\\Illuminate\\Database\\Eloquent\\Factories\\Factory.php(297): Illuminate\\Database\\Eloquent\\Factories\\Factory->create(Array, NULL)
#16 C:\\Users\\Ikiru\\Desktop\\04-laravel\\laravel-api\\database\\seeders\\DatabaseSeeder.php(18): Illuminate\\Database\\Eloquent\\Factories\\Factory->create(Array)
#17 C:\\Users\\Ikiru\\Desktop\\04-laravel\\laravel-api\\vendor\\laravel\\framework\\src\\Illuminate\\Container\\BoundMethod.php(36): Database\\Seeders\\DatabaseSeeder->run()
#18 C:\\Users\\Ikiru\\Desktop\\04-laravel\\laravel-api\\vendor\\laravel\\framework\\src\\Illuminate\\Container\\Util.php(43): Illuminate\\Container\\BoundMethod::{closure:Illuminate\\Container\\BoundMethod::call():35}()
#19 C:\\Users\\Ikiru\\Desktop\\04-laravel\\laravel-api\\vendor\\laravel\\framework\\src\\Illuminate\\Container\\BoundMethod.php(96): Illuminate\\Container\\Util::unwrapIfClosure(Object(Closure))
#20 C:\\Users\\Ikiru\\Desktop\\04-laravel\\laravel-api\\vendor\\laravel\\framework\\src\\Illuminate\\Container\\BoundMethod.php(35): Illuminate\\Container\\BoundMethod::callBoundMethod(Object(Illuminate\\Foundation\\Application), Array, Object(Closure))
#21 C:\\Users\\Ikiru\\Desktop\\04-laravel\\laravel-api\\vendor\\laravel\\framework\\src\\Illuminate\\Container\\Container.php(754): Illuminate\\Container\\BoundMethod::call(Object(Illuminate\\Foundation\\Application), Array, Array, NULL)
#22 C:\\Users\\Ikiru\\Desktop\\04-laravel\\laravel-api\\vendor\\laravel\\framework\\src\\Illuminate\\Database\\Seeder.php(188): Illuminate\\Container\\Container->call(Array, Array)
#23 C:\\Users\\Ikiru\\Desktop\\04-laravel\\laravel-api\\vendor\\laravel\\framework\\src\\Illuminate\\Database\\Seeder.php(197): Illuminate\\Database\\Seeder->{closure:Illuminate\\Database\\Seeder::__invoke():187}()
#24 C:\\Users\\Ikiru\\Desktop\\04-laravel\\laravel-api\\vendor\\laravel\\framework\\src\\Illuminate\\Database\\Console\\Seeds\\SeedCommand.php(70): Illuminate\\Database\\Seeder->__invoke()
#25 C:\\Users\\Ikiru\\Desktop\\04-laravel\\laravel-api\\vendor\\laravel\\framework\\src\\Illuminate\\Database\\Eloquent\\Concerns\\GuardsAttributes.php(155): Illuminate\\Database\\Console\\Seeds\\SeedCommand->{closure:Illuminate\\Database\\Console\\Seeds\\SeedCommand::handle():69}()
#26 C:\\Users\\Ikiru\\Desktop\\04-laravel\\laravel-api\\vendor\\laravel\\framework\\src\\Illuminate\\Database\\Console\\Seeds\\SeedCommand.php(69): Illuminate\\Database\\Eloquent\\Model::unguarded(Object(Closure))
#27 C:\\Users\\Ikiru\\Desktop\\04-laravel\\laravel-api\\vendor\\laravel\\framework\\src\\Illuminate\\Container\\BoundMethod.php(36): Illuminate\\Database\\Console\\Seeds\\SeedCommand->handle()
#28 C:\\Users\\Ikiru\\Desktop\\04-laravel\\laravel-api\\vendor\\laravel\\framework\\src\\Illuminate\\Container\\Util.php(43): Illuminate\\Container\\BoundMethod::{closure:Illuminate\\Container\\BoundMethod::call():35}()
#29 C:\\Users\\Ikiru\\Desktop\\04-laravel\\laravel-api\\vendor\\laravel\\framework\\src\\Illuminate\\Container\\BoundMethod.php(96): Illuminate\\Container\\Util::unwrapIfClosure(Object(Closure))
#30 C:\\Users\\Ikiru\\Desktop\\04-laravel\\laravel-api\\vendor\\laravel\\framework\\src\\Illuminate\\Container\\BoundMethod.php(35): Illuminate\\Container\\BoundMethod::callBoundMethod(Object(Illuminate\\Foundation\\Application), Array, Object(Closure))
#31 C:\\Users\\Ikiru\\Desktop\\04-laravel\\laravel-api\\vendor\\laravel\\framework\\src\\Illuminate\\Container\\Container.php(754): Illuminate\\Container\\BoundMethod::call(Object(Illuminate\\Foundation\\Application), Array, Array, NULL)
#32 C:\\Users\\Ikiru\\Desktop\\04-laravel\\laravel-api\\vendor\\laravel\\framework\\src\\Illuminate\\Console\\Command.php(213): Illuminate\\Container\\Container->call(Array)
#33 C:\\Users\\Ikiru\\Desktop\\04-laravel\\laravel-api\\vendor\\symfony\\console\\Command\\Command.php(279): Illuminate\\Console\\Command->execute(Object(Symfony\\Component\\Console\\Input\\ArrayInput), Object(Illuminate\\Console\\OutputStyle))
#34 C:\\Users\\Ikiru\\Desktop\\04-laravel\\laravel-api\\vendor\\laravel\\framework\\src\\Illuminate\\Console\\Command.php(182): Symfony\\Component\\Console\\Command\\Command->run(Object(Symfony\\Component\\Console\\Input\\ArrayInput), Object(Illuminate\\Console\\OutputStyle))
#35 C:\\Users\\Ikiru\\Desktop\\04-laravel\\laravel-api\\vendor\\laravel\\framework\\src\\Illuminate\\Console\\Concerns\\CallsCommands.php(68): Illuminate\\Console\\Command->run(Object(Symfony\\Component\\Console\\Input\\ArrayInput), Object(Illuminate\\Console\\OutputStyle))
#36 C:\\Users\\Ikiru\\Desktop\\04-laravel\\laravel-api\\vendor\\laravel\\framework\\src\\Illuminate\\Console\\Concerns\\CallsCommands.php(29): Illuminate\\Console\\Command->runCommand('db:seed', Array, Object(Illuminate\\Console\\OutputStyle))
#37 C:\\Users\\Ikiru\\Desktop\\04-laravel\\laravel-api\\vendor\\laravel\\framework\\src\\Illuminate\\Database\\Console\\Migrations\\MigrateCommand.php(126): Illuminate\\Console\\Command->call('db:seed', Array)
#38 C:\\Users\\Ikiru\\Desktop\\04-laravel\\laravel-api\\vendor\\laravel\\framework\\src\\Illuminate\\Database\\Migrations\\Migrator.php(658): Illuminate\\Database\\Console\\Migrations\\MigrateCommand->{closure:Illuminate\\Database\\Console\\Migrations\\MigrateCommand::runMigrations():110}()
#39 C:\\Users\\Ikiru\\Desktop\\04-laravel\\laravel-api\\vendor\\laravel\\framework\\src\\Illuminate\\Database\\Console\\Migrations\\MigrateCommand.php(110): Illuminate\\Database\\Migrations\\Migrator->usingConnection(NULL, Object(Closure))
#40 C:\\Users\\Ikiru\\Desktop\\04-laravel\\laravel-api\\vendor\\laravel\\framework\\src\\Illuminate\\Database\\Console\\Migrations\\MigrateCommand.php(89): Illuminate\\Database\\Console\\Migrations\\MigrateCommand->runMigrations()
#41 C:\\Users\\Ikiru\\Desktop\\04-laravel\\laravel-api\\vendor\\laravel\\framework\\src\\Illuminate\\Container\\BoundMethod.php(36): Illuminate\\Database\\Console\\Migrations\\MigrateCommand->handle()
#42 C:\\Users\\Ikiru\\Desktop\\04-laravel\\laravel-api\\vendor\\laravel\\framework\\src\\Illuminate\\Container\\Util.php(43): Illuminate\\Container\\BoundMethod::{closure:Illuminate\\Container\\BoundMethod::call():35}()
#43 C:\\Users\\Ikiru\\Desktop\\04-laravel\\laravel-api\\vendor\\laravel\\framework\\src\\Illuminate\\Container\\BoundMethod.php(96): Illuminate\\Container\\Util::unwrapIfClosure(Object(Closure))
#44 C:\\Users\\Ikiru\\Desktop\\04-laravel\\laravel-api\\vendor\\laravel\\framework\\src\\Illuminate\\Container\\BoundMethod.php(35): Illuminate\\Container\\BoundMethod::callBoundMethod(Object(Illuminate\\Foundation\\Application), Array, Object(Closure))
#45 C:\\Users\\Ikiru\\Desktop\\04-laravel\\laravel-api\\vendor\\laravel\\framework\\src\\Illuminate\\Container\\Container.php(754): Illuminate\\Container\\BoundMethod::call(Object(Illuminate\\Foundation\\Application), Array, Array, NULL)
#46 C:\\Users\\Ikiru\\Desktop\\04-laravel\\laravel-api\\vendor\\laravel\\framework\\src\\Illuminate\\Console\\Command.php(213): Illuminate\\Container\\Container->call(Array)
#47 C:\\Users\\Ikiru\\Desktop\\04-laravel\\laravel-api\\vendor\\symfony\\console\\Command\\Command.php(279): Illuminate\\Console\\Command->execute(Object(Symfony\\Component\\Console\\Input\\ArgvInput), Object(Illuminate\\Console\\OutputStyle))
#48 C:\\Users\\Ikiru\\Desktop\\04-laravel\\laravel-api\\vendor\\laravel\\framework\\src\\Illuminate\\Console\\Command.php(182): Symfony\\Component\\Console\\Command\\Command->run(Object(Symfony\\Component\\Console\\Input\\ArgvInput), Object(Illuminate\\Console\\OutputStyle))
#49 C:\\Users\\Ikiru\\Desktop\\04-laravel\\laravel-api\\vendor\\symfony\\console\\Application.php(1094): Illuminate\\Console\\Command->run(Object(Symfony\\Component\\Console\\Input\\ArgvInput), Object(Symfony\\Component\\Console\\Output\\ConsoleOutput))
#50 C:\\Users\\Ikiru\\Desktop\\04-laravel\\laravel-api\\vendor\\symfony\\console\\Application.php(342): Symfony\\Component\\Console\\Application->doRunCommand(Object(Illuminate\\Database\\Console\\Migrations\\MigrateCommand), Object(Symfony\\Component\\Console\\Input\\ArgvInput), Object(Symfony\\Component\\Console\\Output\\ConsoleOutput))
#51 C:\\Users\\Ikiru\\Desktop\\04-laravel\\laravel-api\\vendor\\symfony\\console\\Application.php(193): Symfony\\Component\\Console\\Application->doRun(Object(Symfony\\Component\\Console\\Input\\ArgvInput), Object(Symfony\\Component\\Console\\Output\\ConsoleOutput))
#52 C:\\Users\\Ikiru\\Desktop\\04-laravel\\laravel-api\\vendor\\laravel\\framework\\src\\Illuminate\\Foundation\\Console\\Kernel.php(198): Symfony\\Component\\Console\\Application->run(Object(Symfony\\Component\\Console\\Input\\ArgvInput), Object(Symfony\\Component\\Console\\Output\\ConsoleOutput))
#53 C:\\Users\\Ikiru\\Desktop\\04-laravel\\laravel-api\\vendor\\laravel\\framework\\src\\Illuminate\\Foundation\\Application.php(1235): Illuminate\\Foundation\\Console\\Kernel->handle(Object(Symfony\\Component\\Console\\Input\\ArgvInput), Object(Symfony\\Component\\Console\\Output\\ConsoleOutput))
#54 C:\\Users\\Ikiru\\Desktop\\04-laravel\\laravel-api\\artisan(16): Illuminate\\Foundation\\Application->handleCommand(Object(Symfony\\Component\\Console\\Input\\ArgvInput))
#55 {main}
"} 
[2025-04-30 15:33:24] local.ERROR: [Keycloak Guard] The decoded JWT token does not have a valid `resource_access` permission allowed by the API. Allowed resources: . Token resources: ["account"] {"exception":"[object] (KeycloakGuard\\Exceptions\\ResourceAccessNotAllowedException(code: 0): [Keycloak Guard] The decoded JWT token does not have a valid `resource_access` permission allowed by the API. Allowed resources: . Token resources: [\"account\"] at C:\\Users\\Ikiru\\Desktop\\04-laravel\\laravel-api\\vendor\\robsontenorio\\laravel-keycloak-guard\\src\\KeycloakGuard.php:192)
[stacktrace]
#0 C:\\Users\\Ikiru\\Desktop\\04-laravel\\laravel-api\\vendor\\robsontenorio\\laravel-keycloak-guard\\src\\KeycloakGuard.php(153): KeycloakGuard\\KeycloakGuard->validateResources()
#1 C:\\Users\\Ikiru\\Desktop\\04-laravel\\laravel-api\\vendor\\robsontenorio\\laravel-keycloak-guard\\src\\KeycloakGuard.php(46): KeycloakGuard\\KeycloakGuard->validate(Array)
#2 C:\\Users\\Ikiru\\Desktop\\04-laravel\\laravel-api\\vendor\\robsontenorio\\laravel-keycloak-guard\\src\\KeycloakGuard.php(29): KeycloakGuard\\KeycloakGuard->authenticate()
#3 C:\\Users\\Ikiru\\Desktop\\04-laravel\\laravel-api\\vendor\\robsontenorio\\laravel-keycloak-guard\\src\\KeycloakGuardServiceProvider.php(19): KeycloakGuard\\KeycloakGuard->__construct(Object(Illuminate\\Auth\\EloquentUserProvider), Object(Illuminate\\Http\\Request))
#4 C:\\Users\\Ikiru\\Desktop\\04-laravel\\laravel-api\\vendor\\laravel\\framework\\src\\Illuminate\\Auth\\AuthManager.php(113): KeycloakGuard\\KeycloakGuardServiceProvider->{closure:KeycloakGuard\\KeycloakGuardServiceProvider::register():18}(Object(Illuminate\\Foundation\\Application), 'api', Array)
#5 C:\\Users\\Ikiru\\Desktop\\04-laravel\\laravel-api\\vendor\\laravel\\framework\\src\\Illuminate\\Auth\\AuthManager.php(90): Illuminate\\Auth\\AuthManager->callCustomCreator('api', Array)
#6 C:\\Users\\Ikiru\\Desktop\\04-laravel\\laravel-api\\vendor\\laravel\\framework\\src\\Illuminate\\Auth\\AuthManager.php(70): Illuminate\\Auth\\AuthManager->resolve('api')
#7 C:\\Users\\Ikiru\\Desktop\\04-laravel\\laravel-api\\vendor\\laravel\\framework\\src\\Illuminate\\Auth\\AuthServiceProvider.php(39): Illuminate\\Auth\\AuthManager->guard()
#8 C:\\Users\\Ikiru\\Desktop\\04-laravel\\laravel-api\\vendor\\laravel\\framework\\src\\Illuminate\\Container\\Container.php(1010): Illuminate\\Auth\\AuthServiceProvider->{closure:Illuminate\\Auth\\AuthServiceProvider::registerAuthenticator():39}(Object(Illuminate\\Foundation\\Application), Array)
#9 C:\\Users\\Ikiru\\Desktop\\04-laravel\\laravel-api\\vendor\\laravel\\framework\\src\\Illuminate\\Container\\Container.php(890): Illuminate\\Container\\Container->build(Object(Closure))
#10 C:\\Users\\Ikiru\\Desktop\\04-laravel\\laravel-api\\vendor\\laravel\\framework\\src\\Illuminate\\Foundation\\Application.php(1078): Illuminate\\Container\\Container->resolve('auth.driver', Array, true)
#11 C:\\Users\\Ikiru\\Desktop\\04-laravel\\laravel-api\\vendor\\laravel\\framework\\src\\Illuminate\\Container\\Container.php(821): Illuminate\\Foundation\\Application->resolve('auth.driver', Array)
#12 C:\\Users\\Ikiru\\Desktop\\04-laravel\\laravel-api\\vendor\\laravel\\framework\\src\\Illuminate\\Foundation\\Application.php(1058): Illuminate\\Container\\Container->make('auth.driver', Array)
#13 C:\\Users\\Ikiru\\Desktop\\04-laravel\\laravel-api\\vendor\\laravel\\framework\\src\\Illuminate\\Session\\DatabaseSessionHandler.php(221): Illuminate\\Foundation\\Application->make('auth.driver')
#14 C:\\Users\\Ikiru\\Desktop\\04-laravel\\laravel-api\\vendor\\laravel\\framework\\src\\Illuminate\\Session\\DatabaseSessionHandler.php(208): Illuminate\\Session\\DatabaseSessionHandler->userId()
#15 C:\\Users\\Ikiru\\Desktop\\04-laravel\\laravel-api\\vendor\\laravel\\framework\\src\\Illuminate\\Session\\DatabaseSessionHandler.php(194): Illuminate\\Session\\DatabaseSessionHandler->addUserInformation(Array)
#16 C:\\Users\\Ikiru\\Desktop\\04-laravel\\laravel-api\\vendor\\laravel\\framework\\src\\Illuminate\\Support\\helpers.php(399): Illuminate\\Session\\DatabaseSessionHandler->{closure:Illuminate\\Session\\DatabaseSessionHandler::getDefaultPayload():193}(Array)
#17 C:\\Users\\Ikiru\\Desktop\\04-laravel\\laravel-api\\vendor\\laravel\\framework\\src\\Illuminate\\Session\\DatabaseSessionHandler.php(193): tap(Array, Object(Closure))
#18 C:\\Users\\Ikiru\\Desktop\\04-laravel\\laravel-api\\vendor\\laravel\\framework\\src\\Illuminate\\Session\\DatabaseSessionHandler.php(133): Illuminate\\Session\\DatabaseSessionHandler->getDefaultPayload('a:2:{s:6:\"_toke...')
#19 C:\\Users\\Ikiru\\Desktop\\04-laravel\\laravel-api\\vendor\\laravel\\framework\\src\\Illuminate\\Session\\Store.php(176): Illuminate\\Session\\DatabaseSessionHandler->write('Bl0qdORZEoUNs0y...', 'a:2:{s:6:\"_toke...')
#20 C:\\Users\\Ikiru\\Desktop\\04-laravel\\laravel-api\\vendor\\laravel\\framework\\src\\Illuminate\\Session\\Middleware\\StartSession.php(245): Illuminate\\Session\\Store->save()
#21 C:\\Users\\Ikiru\\Desktop\\04-laravel\\laravel-api\\vendor\\laravel\\framework\\src\\Illuminate\\Session\\Middleware\\StartSession.php(130): Illuminate\\Session\\Middleware\\StartSession->saveSession(Object(Illuminate\\Http\\Request))
#22 C:\\Users\\Ikiru\\Desktop\\04-laravel\\laravel-api\\vendor\\laravel\\framework\\src\\Illuminate\\Session\\Middleware\\StartSession.php(64): Illuminate\\Session\\Middleware\\StartSession->handleStatefulRequest(Object(Illuminate\\Http\\Request), Object(Illuminate\\Session\\Store), Object(Closure))
#23 C:\\Users\\Ikiru\\Desktop\\04-laravel\\laravel-api\\vendor\\laravel\\framework\\src\\Illuminate\\Pipeline\\Pipeline.php(209): Illuminate\\Session\\Middleware\\StartSession->handle(Object(Illuminate\\Http\\Request), Object(Closure))
#24 C:\\Users\\Ikiru\\Desktop\\04-laravel\\laravel-api\\vendor\\laravel\\framework\\src\\Illuminate\\Cookie\\Middleware\\AddQueuedCookiesToResponse.php(37): Illuminate\\Pipeline\\Pipeline->{closure:{closure:Illuminate\\Pipeline\\Pipeline::carry():184}:185}(Object(Illuminate\\Http\\Request))
#25 C:\\Users\\Ikiru\\Desktop\\04-laravel\\laravel-api\\vendor\\laravel\\framework\\src\\Illuminate\\Pipeline\\Pipeline.php(209): Illuminate\\Cookie\\Middleware\\AddQueuedCookiesToResponse->handle(Object(Illuminate\\Http\\Request), Object(Closure))
#26 C:\\Users\\Ikiru\\Desktop\\04-laravel\\laravel-api\\vendor\\laravel\\framework\\src\\Illuminate\\Cookie\\Middleware\\EncryptCookies.php(75): Illuminate\\Pipeline\\Pipeline->{closure:{closure:Illuminate\\Pipeline\\Pipeline::carry():184}:185}(Object(Illuminate\\Http\\Request))
#27 C:\\Users\\Ikiru\\Desktop\\04-laravel\\laravel-api\\vendor\\laravel\\framework\\src\\Illuminate\\Pipeline\\Pipeline.php(209): Illuminate\\Cookie\\Middleware\\EncryptCookies->handle(Object(Illuminate\\Http\\Request), Object(Closure))
#28 C:\\Users\\Ikiru\\Desktop\\04-laravel\\laravel-api\\vendor\\laravel\\framework\\src\\Illuminate\\Pipeline\\Pipeline.php(127): Illuminate\\Pipeline\\Pipeline->{closure:{closure:Illuminate\\Pipeline\\Pipeline::carry():184}:185}(Object(Illuminate\\Http\\Request))
#29 C:\\Users\\Ikiru\\Desktop\\04-laravel\\laravel-api\\vendor\\laravel\\framework\\src\\Illuminate\\Routing\\Router.php(808): Illuminate\\Pipeline\\Pipeline->then(Object(Closure))
#30 C:\\Users\\Ikiru\\Desktop\\04-laravel\\laravel-api\\vendor\\laravel\\framework\\src\\Illuminate\\Routing\\Router.php(787): Illuminate\\Routing\\Router->runRouteWithinStack(Object(Illuminate\\Routing\\Route), Object(Illuminate\\Http\\Request))
#31 C:\\Users\\Ikiru\\Desktop\\04-laravel\\laravel-api\\vendor\\laravel\\framework\\src\\Illuminate\\Routing\\Router.php(751): Illuminate\\Routing\\Router->runRoute(Object(Illuminate\\Http\\Request), Object(Illuminate\\Routing\\Route))
#32 C:\\Users\\Ikiru\\Desktop\\04-laravel\\laravel-api\\vendor\\laravel\\framework\\src\\Illuminate\\Routing\\Router.php(740): Illuminate\\Routing\\Router->dispatchToRoute(Object(Illuminate\\Http\\Request))
#33 C:\\Users\\Ikiru\\Desktop\\04-laravel\\laravel-api\\vendor\\laravel\\framework\\src\\Illuminate\\Foundation\\Http\\Kernel.php(201): Illuminate\\Routing\\Router->dispatch(Object(Illuminate\\Http\\Request))
#34 C:\\Users\\Ikiru\\Desktop\\04-laravel\\laravel-api\\vendor\\laravel\\framework\\src\\Illuminate\\Pipeline\\Pipeline.php(170): Illuminate\\Foundation\\Http\\Kernel->{closure:Illuminate\\Foundation\\Http\\Kernel::dispatchToRouter():198}(Object(Illuminate\\Http\\Request))
#35 C:\\Users\\Ikiru\\Desktop\\04-laravel\\laravel-api\\vendor\\laravel\\framework\\src\\Illuminate\\Foundation\\Http\\Middleware\\TransformsRequest.php(21): Illuminate\\Pipeline\\Pipeline->{closure:Illuminate\\Pipeline\\Pipeline::prepareDestination():168}(Object(Illuminate\\Http\\Request))
#36 C:\\Users\\Ikiru\\Desktop\\04-laravel\\laravel-api\\vendor\\laravel\\framework\\src\\Illuminate\\Foundation\\Http\\Middleware\\ConvertEmptyStringsToNull.php(31): Illuminate\\Foundation\\Http\\Middleware\\TransformsRequest->handle(Object(Illuminate\\Http\\Request), Object(Closure))
#37 C:\\Users\\Ikiru\\Desktop\\04-laravel\\laravel-api\\vendor\\laravel\\framework\\src\\Illuminate\\Pipeline\\Pipeline.php(209): Illuminate\\Foundation\\Http\\Middleware\\ConvertEmptyStringsToNull->handle(Object(Illuminate\\Http\\Request), Object(Closure))
#38 C:\\Users\\Ikiru\\Desktop\\04-laravel\\laravel-api\\vendor\\laravel\\framework\\src\\Illuminate\\Foundation\\Http\\Middleware\\TransformsRequest.php(21): Illuminate\\Pipeline\\Pipeline->{closure:{closure:Illuminate\\Pipeline\\Pipeline::carry():184}:185}(Object(Illuminate\\Http\\Request))
#39 C:\\Users\\Ikiru\\Desktop\\04-laravel\\laravel-api\\vendor\\laravel\\framework\\src\\Illuminate\\Foundation\\Http\\Middleware\\TrimStrings.php(51): Illuminate\\Foundation\\Http\\Middleware\\TransformsRequest->handle(Object(Illuminate\\Http\\Request), Object(Closure))
#40 C:\\Users\\Ikiru\\Desktop\\04-laravel\\laravel-api\\vendor\\laravel\\framework\\src\\Illuminate\\Pipeline\\Pipeline.php(209): Illuminate\\Foundation\\Http\\Middleware\\TrimStrings->handle(Object(Illuminate\\Http\\Request), Object(Closure))
#41 C:\\Users\\Ikiru\\Desktop\\04-laravel\\laravel-api\\vendor\\laravel\\framework\\src\\Illuminate\\Http\\Middleware\\ValidatePostSize.php(27): Illuminate\\Pipeline\\Pipeline->{closure:{closure:Illuminate\\Pipeline\\Pipeline::carry():184}:185}(Object(Illuminate\\Http\\Request))
#42 C:\\Users\\Ikiru\\Desktop\\04-laravel\\laravel-api\\vendor\\laravel\\framework\\src\\Illuminate\\Pipeline\\Pipeline.php(209): Illuminate\\Http\\Middleware\\ValidatePostSize->handle(Object(Illuminate\\Http\\Request), Object(Closure))
#43 C:\\Users\\Ikiru\\Desktop\\04-laravel\\laravel-api\\vendor\\laravel\\framework\\src\\Illuminate\\Foundation\\Http\\Middleware\\PreventRequestsDuringMaintenance.php(110): Illuminate\\Pipeline\\Pipeline->{closure:{closure:Illuminate\\Pipeline\\Pipeline::carry():184}:185}(Object(Illuminate\\Http\\Request))
#44 C:\\Users\\Ikiru\\Desktop\\04-laravel\\laravel-api\\vendor\\laravel\\framework\\src\\Illuminate\\Pipeline\\Pipeline.php(209): Illuminate\\Foundation\\Http\\Middleware\\PreventRequestsDuringMaintenance->handle(Object(Illuminate\\Http\\Request), Object(Closure))
#45 C:\\Users\\Ikiru\\Desktop\\04-laravel\\laravel-api\\vendor\\laravel\\framework\\src\\Illuminate\\Http\\Middleware\\HandleCors.php(62): Illuminate\\Pipeline\\Pipeline->{closure:{closure:Illuminate\\Pipeline\\Pipeline::carry():184}:185}(Object(Illuminate\\Http\\Request))
#46 C:\\Users\\Ikiru\\Desktop\\04-laravel\\laravel-api\\vendor\\laravel\\framework\\src\\Illuminate\\Pipeline\\Pipeline.php(209): Illuminate\\Http\\Middleware\\HandleCors->handle(Object(Illuminate\\Http\\Request), Object(Closure))
#47 C:\\Users\\Ikiru\\Desktop\\04-laravel\\laravel-api\\vendor\\laravel\\framework\\src\\Illuminate\\Http\\Middleware\\TrustProxies.php(58): Illuminate\\Pipeline\\Pipeline->{closure:{closure:Illuminate\\Pipeline\\Pipeline::carry():184}:185}(Object(Illuminate\\Http\\Request))
#48 C:\\Users\\Ikiru\\Desktop\\04-laravel\\laravel-api\\vendor\\laravel\\framework\\src\\Illuminate\\Pipeline\\Pipeline.php(209): Illuminate\\Http\\Middleware\\TrustProxies->handle(Object(Illuminate\\Http\\Request), Object(Closure))
#49 C:\\Users\\Ikiru\\Desktop\\04-laravel\\laravel-api\\vendor\\laravel\\framework\\src\\Illuminate\\Foundation\\Http\\Middleware\\InvokeDeferredCallbacks.php(22): Illuminate\\Pipeline\\Pipeline->{closure:{closure:Illuminate\\Pipeline\\Pipeline::carry():184}:185}(Object(Illuminate\\Http\\Request))
#50 C:\\Users\\Ikiru\\Desktop\\04-laravel\\laravel-api\\vendor\\laravel\\framework\\src\\Illuminate\\Pipeline\\Pipeline.php(209): Illuminate\\Foundation\\Http\\Middleware\\InvokeDeferredCallbacks->handle(Object(Illuminate\\Http\\Request), Object(Closure))
#51 C:\\Users\\Ikiru\\Desktop\\04-laravel\\laravel-api\\vendor\\laravel\\framework\\src\\Illuminate\\Http\\Middleware\\ValidatePathEncoding.php(26): Illuminate\\Pipeline\\Pipeline->{closure:{closure:Illuminate\\Pipeline\\Pipeline::carry():184}:185}(Object(Illuminate\\Http\\Request))
#52 C:\\Users\\Ikiru\\Desktop\\04-laravel\\laravel-api\\vendor\\laravel\\framework\\src\\Illuminate\\Pipeline\\Pipeline.php(209): Illuminate\\Http\\Middleware\\ValidatePathEncoding->handle(Object(Illuminate\\Http\\Request), Object(Closure))
#53 C:\\Users\\Ikiru\\Desktop\\04-laravel\\laravel-api\\vendor\\laravel\\framework\\src\\Illuminate\\Pipeline\\Pipeline.php(127): Illuminate\\Pipeline\\Pipeline->{closure:{closure:Illuminate\\Pipeline\\Pipeline::carry():184}:185}(Object(Illuminate\\Http\\Request))
#54 C:\\Users\\Ikiru\\Desktop\\04-laravel\\laravel-api\\vendor\\laravel\\framework\\src\\Illuminate\\Foundation\\Http\\Kernel.php(176): Illuminate\\Pipeline\\Pipeline->then(Object(Closure))
#55 C:\\Users\\Ikiru\\Desktop\\04-laravel\\laravel-api\\vendor\\laravel\\framework\\src\\Illuminate\\Foundation\\Http\\Kernel.php(145): Illuminate\\Foundation\\Http\\Kernel->sendRequestThroughRouter(Object(Illuminate\\Http\\Request))
#56 C:\\Users\\Ikiru\\Desktop\\04-laravel\\laravel-api\\vendor\\laravel\\framework\\src\\Illuminate\\Foundation\\Application.php(1220): Illuminate\\Foundation\\Http\\Kernel->handle(Object(Illuminate\\Http\\Request))
#57 C:\\Users\\Ikiru\\Desktop\\04-laravel\\laravel-api\\public\\index.php(20): Illuminate\\Foundation\\Application->handleRequest(Object(Illuminate\\Http\\Request))
#58 C:\\Users\\Ikiru\\Desktop\\04-laravel\\laravel-api\\vendor\\laravel\\framework\\src\\Illuminate\\Foundation\\resources\\server.php(23): require_once('C:\\\\Users\\\\Ikiru\\\\...')
#59 {main}
"} 
[2025-04-30 15:33:53] local.ERROR: [Keycloak Guard] The decoded JWT token does not have a valid `resource_access` permission allowed by the API. Allowed resources: . Token resources: ["account"] {"exception":"[object] (KeycloakGuard\\Exceptions\\ResourceAccessNotAllowedException(code: 0): [Keycloak Guard] The decoded JWT token does not have a valid `resource_access` permission allowed by the API. Allowed resources: . Token resources: [\"account\"] at C:\\Users\\Ikiru\\Desktop\\04-laravel\\laravel-api\\vendor\\robsontenorio\\laravel-keycloak-guard\\src\\KeycloakGuard.php:192)
[stacktrace]
#0 C:\\Users\\Ikiru\\Desktop\\04-laravel\\laravel-api\\vendor\\robsontenorio\\laravel-keycloak-guard\\src\\KeycloakGuard.php(153): KeycloakGuard\\KeycloakGuard->validateResources()
#1 C:\\Users\\Ikiru\\Desktop\\04-laravel\\laravel-api\\vendor\\robsontenorio\\laravel-keycloak-guard\\src\\KeycloakGuard.php(46): KeycloakGuard\\KeycloakGuard->validate(Array)
#2 C:\\Users\\Ikiru\\Desktop\\04-laravel\\laravel-api\\vendor\\robsontenorio\\laravel-keycloak-guard\\src\\KeycloakGuard.php(29): KeycloakGuard\\KeycloakGuard->authenticate()
#3 C:\\Users\\Ikiru\\Desktop\\04-laravel\\laravel-api\\vendor\\robsontenorio\\laravel-keycloak-guard\\src\\KeycloakGuardServiceProvider.php(19): KeycloakGuard\\KeycloakGuard->__construct(Object(Illuminate\\Auth\\EloquentUserProvider), Object(Illuminate\\Http\\Request))
#4 C:\\Users\\Ikiru\\Desktop\\04-laravel\\laravel-api\\vendor\\laravel\\framework\\src\\Illuminate\\Auth\\AuthManager.php(113): KeycloakGuard\\KeycloakGuardServiceProvider->{closure:KeycloakGuard\\KeycloakGuardServiceProvider::register():18}(Object(Illuminate\\Foundation\\Application), 'api', Array)
#5 C:\\Users\\Ikiru\\Desktop\\04-laravel\\laravel-api\\vendor\\laravel\\framework\\src\\Illuminate\\Auth\\AuthManager.php(90): Illuminate\\Auth\\AuthManager->callCustomCreator('api', Array)
#6 C:\\Users\\Ikiru\\Desktop\\04-laravel\\laravel-api\\vendor\\laravel\\framework\\src\\Illuminate\\Auth\\AuthManager.php(70): Illuminate\\Auth\\AuthManager->resolve('api')
#7 C:\\Users\\Ikiru\\Desktop\\04-laravel\\laravel-api\\vendor\\laravel\\framework\\src\\Illuminate\\Auth\\AuthServiceProvider.php(39): Illuminate\\Auth\\AuthManager->guard()
#8 C:\\Users\\Ikiru\\Desktop\\04-laravel\\laravel-api\\vendor\\laravel\\framework\\src\\Illuminate\\Container\\Container.php(1010): Illuminate\\Auth\\AuthServiceProvider->{closure:Illuminate\\Auth\\AuthServiceProvider::registerAuthenticator():39}(Object(Illuminate\\Foundation\\Application), Array)
#9 C:\\Users\\Ikiru\\Desktop\\04-laravel\\laravel-api\\vendor\\laravel\\framework\\src\\Illuminate\\Container\\Container.php(890): Illuminate\\Container\\Container->build(Object(Closure))
#10 C:\\Users\\Ikiru\\Desktop\\04-laravel\\laravel-api\\vendor\\laravel\\framework\\src\\Illuminate\\Foundation\\Application.php(1078): Illuminate\\Container\\Container->resolve('auth.driver', Array, true)
#11 C:\\Users\\Ikiru\\Desktop\\04-laravel\\laravel-api\\vendor\\laravel\\framework\\src\\Illuminate\\Container\\Container.php(821): Illuminate\\Foundation\\Application->resolve('auth.driver', Array)
#12 C:\\Users\\Ikiru\\Desktop\\04-laravel\\laravel-api\\vendor\\laravel\\framework\\src\\Illuminate\\Foundation\\Application.php(1058): Illuminate\\Container\\Container->make('auth.driver', Array)
#13 C:\\Users\\Ikiru\\Desktop\\04-laravel\\laravel-api\\vendor\\laravel\\framework\\src\\Illuminate\\Session\\DatabaseSessionHandler.php(221): Illuminate\\Foundation\\Application->make('auth.driver')
#14 C:\\Users\\Ikiru\\Desktop\\04-laravel\\laravel-api\\vendor\\laravel\\framework\\src\\Illuminate\\Session\\DatabaseSessionHandler.php(208): Illuminate\\Session\\DatabaseSessionHandler->userId()
#15 C:\\Users\\Ikiru\\Desktop\\04-laravel\\laravel-api\\vendor\\laravel\\framework\\src\\Illuminate\\Session\\DatabaseSessionHandler.php(194): Illuminate\\Session\\DatabaseSessionHandler->addUserInformation(Array)
#16 C:\\Users\\Ikiru\\Desktop\\04-laravel\\laravel-api\\vendor\\laravel\\framework\\src\\Illuminate\\Support\\helpers.php(399): Illuminate\\Session\\DatabaseSessionHandler->{closure:Illuminate\\Session\\DatabaseSessionHandler::getDefaultPayload():193}(Array)
#17 C:\\Users\\Ikiru\\Desktop\\04-laravel\\laravel-api\\vendor\\laravel\\framework\\src\\Illuminate\\Session\\DatabaseSessionHandler.php(193): tap(Array, Object(Closure))
#18 C:\\Users\\Ikiru\\Desktop\\04-laravel\\laravel-api\\vendor\\laravel\\framework\\src\\Illuminate\\Session\\DatabaseSessionHandler.php(133): Illuminate\\Session\\DatabaseSessionHandler->getDefaultPayload('a:2:{s:6:\"_toke...')
#19 C:\\Users\\Ikiru\\Desktop\\04-laravel\\laravel-api\\vendor\\laravel\\framework\\src\\Illuminate\\Session\\Store.php(176): Illuminate\\Session\\DatabaseSessionHandler->write('6cYgXuUzdcg8MNa...', 'a:2:{s:6:\"_toke...')
#20 C:\\Users\\Ikiru\\Desktop\\04-laravel\\laravel-api\\vendor\\laravel\\framework\\src\\Illuminate\\Session\\Middleware\\StartSession.php(245): Illuminate\\Session\\Store->save()
#21 C:\\Users\\Ikiru\\Desktop\\04-laravel\\laravel-api\\vendor\\laravel\\framework\\src\\Illuminate\\Session\\Middleware\\StartSession.php(130): Illuminate\\Session\\Middleware\\StartSession->saveSession(Object(Illuminate\\Http\\Request))
#22 C:\\Users\\Ikiru\\Desktop\\04-laravel\\laravel-api\\vendor\\laravel\\framework\\src\\Illuminate\\Session\\Middleware\\StartSession.php(64): Illuminate\\Session\\Middleware\\StartSession->handleStatefulRequest(Object(Illuminate\\Http\\Request), Object(Illuminate\\Session\\Store), Object(Closure))
#23 C:\\Users\\Ikiru\\Desktop\\04-laravel\\laravel-api\\vendor\\laravel\\framework\\src\\Illuminate\\Pipeline\\Pipeline.php(209): Illuminate\\Session\\Middleware\\StartSession->handle(Object(Illuminate\\Http\\Request), Object(Closure))
#24 C:\\Users\\Ikiru\\Desktop\\04-laravel\\laravel-api\\vendor\\laravel\\framework\\src\\Illuminate\\Cookie\\Middleware\\AddQueuedCookiesToResponse.php(37): Illuminate\\Pipeline\\Pipeline->{closure:{closure:Illuminate\\Pipeline\\Pipeline::carry():184}:185}(Object(Illuminate\\Http\\Request))
#25 C:\\Users\\Ikiru\\Desktop\\04-laravel\\laravel-api\\vendor\\laravel\\framework\\src\\Illuminate\\Pipeline\\Pipeline.php(209): Illuminate\\Cookie\\Middleware\\AddQueuedCookiesToResponse->handle(Object(Illuminate\\Http\\Request), Object(Closure))
#26 C:\\Users\\Ikiru\\Desktop\\04-laravel\\laravel-api\\vendor\\laravel\\framework\\src\\Illuminate\\Cookie\\Middleware\\EncryptCookies.php(75): Illuminate\\Pipeline\\Pipeline->{closure:{closure:Illuminate\\Pipeline\\Pipeline::carry():184}:185}(Object(Illuminate\\Http\\Request))
#27 C:\\Users\\Ikiru\\Desktop\\04-laravel\\laravel-api\\vendor\\laravel\\framework\\src\\Illuminate\\Pipeline\\Pipeline.php(209): Illuminate\\Cookie\\Middleware\\EncryptCookies->handle(Object(Illuminate\\Http\\Request), Object(Closure))
#28 C:\\Users\\Ikiru\\Desktop\\04-laravel\\laravel-api\\vendor\\laravel\\framework\\src\\Illuminate\\Pipeline\\Pipeline.php(127): Illuminate\\Pipeline\\Pipeline->{closure:{closure:Illuminate\\Pipeline\\Pipeline::carry():184}:185}(Object(Illuminate\\Http\\Request))
#29 C:\\Users\\Ikiru\\Desktop\\04-laravel\\laravel-api\\vendor\\laravel\\framework\\src\\Illuminate\\Routing\\Router.php(808): Illuminate\\Pipeline\\Pipeline->then(Object(Closure))
#30 C:\\Users\\Ikiru\\Desktop\\04-laravel\\laravel-api\\vendor\\laravel\\framework\\src\\Illuminate\\Routing\\Router.php(787): Illuminate\\Routing\\Router->runRouteWithinStack(Object(Illuminate\\Routing\\Route), Object(Illuminate\\Http\\Request))
#31 C:\\Users\\Ikiru\\Desktop\\04-laravel\\laravel-api\\vendor\\laravel\\framework\\src\\Illuminate\\Routing\\Router.php(751): Illuminate\\Routing\\Router->runRoute(Object(Illuminate\\Http\\Request), Object(Illuminate\\Routing\\Route))
#32 C:\\Users\\Ikiru\\Desktop\\04-laravel\\laravel-api\\vendor\\laravel\\framework\\src\\Illuminate\\Routing\\Router.php(740): Illuminate\\Routing\\Router->dispatchToRoute(Object(Illuminate\\Http\\Request))
#33 C:\\Users\\Ikiru\\Desktop\\04-laravel\\laravel-api\\vendor\\laravel\\framework\\src\\Illuminate\\Foundation\\Http\\Kernel.php(201): Illuminate\\Routing\\Router->dispatch(Object(Illuminate\\Http\\Request))
#34 C:\\Users\\Ikiru\\Desktop\\04-laravel\\laravel-api\\vendor\\laravel\\framework\\src\\Illuminate\\Pipeline\\Pipeline.php(170): Illuminate\\Foundation\\Http\\Kernel->{closure:Illuminate\\Foundation\\Http\\Kernel::dispatchToRouter():198}(Object(Illuminate\\Http\\Request))
#35 C:\\Users\\Ikiru\\Desktop\\04-laravel\\laravel-api\\vendor\\laravel\\framework\\src\\Illuminate\\Foundation\\Http\\Middleware\\TransformsRequest.php(21): Illuminate\\Pipeline\\Pipeline->{closure:Illuminate\\Pipeline\\Pipeline::prepareDestination():168}(Object(Illuminate\\Http\\Request))
#36 C:\\Users\\Ikiru\\Desktop\\04-laravel\\laravel-api\\vendor\\laravel\\framework\\src\\Illuminate\\Foundation\\Http\\Middleware\\ConvertEmptyStringsToNull.php(31): Illuminate\\Foundation\\Http\\Middleware\\TransformsRequest->handle(Object(Illuminate\\Http\\Request), Object(Closure))
#37 C:\\Users\\Ikiru\\Desktop\\04-laravel\\laravel-api\\vendor\\laravel\\framework\\src\\Illuminate\\Pipeline\\Pipeline.php(209): Illuminate\\Foundation\\Http\\Middleware\\ConvertEmptyStringsToNull->handle(Object(Illuminate\\Http\\Request), Object(Closure))
#38 C:\\Users\\Ikiru\\Desktop\\04-laravel\\laravel-api\\vendor\\laravel\\framework\\src\\Illuminate\\Foundation\\Http\\Middleware\\TransformsRequest.php(21): Illuminate\\Pipeline\\Pipeline->{closure:{closure:Illuminate\\Pipeline\\Pipeline::carry():184}:185}(Object(Illuminate\\Http\\Request))
#39 C:\\Users\\Ikiru\\Desktop\\04-laravel\\laravel-api\\vendor\\laravel\\framework\\src\\Illuminate\\Foundation\\Http\\Middleware\\TrimStrings.php(51): Illuminate\\Foundation\\Http\\Middleware\\TransformsRequest->handle(Object(Illuminate\\Http\\Request), Object(Closure))
#40 C:\\Users\\Ikiru\\Desktop\\04-laravel\\laravel-api\\vendor\\laravel\\framework\\src\\Illuminate\\Pipeline\\Pipeline.php(209): Illuminate\\Foundation\\Http\\Middleware\\TrimStrings->handle(Object(Illuminate\\Http\\Request), Object(Closure))
#41 C:\\Users\\Ikiru\\Desktop\\04-laravel\\laravel-api\\vendor\\laravel\\framework\\src\\Illuminate\\Http\\Middleware\\ValidatePostSize.php(27): Illuminate\\Pipeline\\Pipeline->{closure:{closure:Illuminate\\Pipeline\\Pipeline::carry():184}:185}(Object(Illuminate\\Http\\Request))
#42 C:\\Users\\Ikiru\\Desktop\\04-laravel\\laravel-api\\vendor\\laravel\\framework\\src\\Illuminate\\Pipeline\\Pipeline.php(209): Illuminate\\Http\\Middleware\\ValidatePostSize->handle(Object(Illuminate\\Http\\Request), Object(Closure))
#43 C:\\Users\\Ikiru\\Desktop\\04-laravel\\laravel-api\\vendor\\laravel\\framework\\src\\Illuminate\\Foundation\\Http\\Middleware\\PreventRequestsDuringMaintenance.php(110): Illuminate\\Pipeline\\Pipeline->{closure:{closure:Illuminate\\Pipeline\\Pipeline::carry():184}:185}(Object(Illuminate\\Http\\Request))
#44 C:\\Users\\Ikiru\\Desktop\\04-laravel\\laravel-api\\vendor\\laravel\\framework\\src\\Illuminate\\Pipeline\\Pipeline.php(209): Illuminate\\Foundation\\Http\\Middleware\\PreventRequestsDuringMaintenance->handle(Object(Illuminate\\Http\\Request), Object(Closure))
#45 C:\\Users\\Ikiru\\Desktop\\04-laravel\\laravel-api\\vendor\\laravel\\framework\\src\\Illuminate\\Http\\Middleware\\HandleCors.php(62): Illuminate\\Pipeline\\Pipeline->{closure:{closure:Illuminate\\Pipeline\\Pipeline::carry():184}:185}(Object(Illuminate\\Http\\Request))
#46 C:\\Users\\Ikiru\\Desktop\\04-laravel\\laravel-api\\vendor\\laravel\\framework\\src\\Illuminate\\Pipeline\\Pipeline.php(209): Illuminate\\Http\\Middleware\\HandleCors->handle(Object(Illuminate\\Http\\Request), Object(Closure))
#47 C:\\Users\\Ikiru\\Desktop\\04-laravel\\laravel-api\\vendor\\laravel\\framework\\src\\Illuminate\\Http\\Middleware\\TrustProxies.php(58): Illuminate\\Pipeline\\Pipeline->{closure:{closure:Illuminate\\Pipeline\\Pipeline::carry():184}:185}(Object(Illuminate\\Http\\Request))
#48 C:\\Users\\Ikiru\\Desktop\\04-laravel\\laravel-api\\vendor\\laravel\\framework\\src\\Illuminate\\Pipeline\\Pipeline.php(209): Illuminate\\Http\\Middleware\\TrustProxies->handle(Object(Illuminate\\Http\\Request), Object(Closure))
#49 C:\\Users\\Ikiru\\Desktop\\04-laravel\\laravel-api\\vendor\\laravel\\framework\\src\\Illuminate\\Foundation\\Http\\Middleware\\InvokeDeferredCallbacks.php(22): Illuminate\\Pipeline\\Pipeline->{closure:{closure:Illuminate\\Pipeline\\Pipeline::carry():184}:185}(Object(Illuminate\\Http\\Request))
#50 C:\\Users\\Ikiru\\Desktop\\04-laravel\\laravel-api\\vendor\\laravel\\framework\\src\\Illuminate\\Pipeline\\Pipeline.php(209): Illuminate\\Foundation\\Http\\Middleware\\InvokeDeferredCallbacks->handle(Object(Illuminate\\Http\\Request), Object(Closure))
#51 C:\\Users\\Ikiru\\Desktop\\04-laravel\\laravel-api\\vendor\\laravel\\framework\\src\\Illuminate\\Http\\Middleware\\ValidatePathEncoding.php(26): Illuminate\\Pipeline\\Pipeline->{closure:{closure:Illuminate\\Pipeline\\Pipeline::carry():184}:185}(Object(Illuminate\\Http\\Request))
#52 C:\\Users\\Ikiru\\Desktop\\04-laravel\\laravel-api\\vendor\\laravel\\framework\\src\\Illuminate\\Pipeline\\Pipeline.php(209): Illuminate\\Http\\Middleware\\ValidatePathEncoding->handle(Object(Illuminate\\Http\\Request), Object(Closure))
#53 C:\\Users\\Ikiru\\Desktop\\04-laravel\\laravel-api\\vendor\\laravel\\framework\\src\\Illuminate\\Pipeline\\Pipeline.php(127): Illuminate\\Pipeline\\Pipeline->{closure:{closure:Illuminate\\Pipeline\\Pipeline::carry():184}:185}(Object(Illuminate\\Http\\Request))
#54 C:\\Users\\Ikiru\\Desktop\\04-laravel\\laravel-api\\vendor\\laravel\\framework\\src\\Illuminate\\Foundation\\Http\\Kernel.php(176): Illuminate\\Pipeline\\Pipeline->then(Object(Closure))
#55 C:\\Users\\Ikiru\\Desktop\\04-laravel\\laravel-api\\vendor\\laravel\\framework\\src\\Illuminate\\Foundation\\Http\\Kernel.php(145): Illuminate\\Foundation\\Http\\Kernel->sendRequestThroughRouter(Object(Illuminate\\Http\\Request))
#56 C:\\Users\\Ikiru\\Desktop\\04-laravel\\laravel-api\\vendor\\laravel\\framework\\src\\Illuminate\\Foundation\\Application.php(1220): Illuminate\\Foundation\\Http\\Kernel->handle(Object(Illuminate\\Http\\Request))
#57 C:\\Users\\Ikiru\\Desktop\\04-laravel\\laravel-api\\public\\index.php(20): Illuminate\\Foundation\\Application->handleRequest(Object(Illuminate\\Http\\Request))
#58 C:\\Users\\Ikiru\\Desktop\\04-laravel\\laravel-api\\vendor\\laravel\\framework\\src\\Illuminate\\Foundation\\resources\\server.php(23): require_once('C:\\\\Users\\\\Ikiru\\\\...')
#59 {main}
"} 
